transaction_id,transaction_type,timestamp,product_id,product_category,quantity,unit_price,customer_id,supplier_id,supplier_lead_time_days,current_inventory,month
TXN00002,sell,2023-08-01 09:13:00,CC003,carbide_cutters,2,4633.544710060405,CUST_S11,,,165,2023-08
TXN00005,sell,2023-08-01 12:20:00,CC004,carbide_cutters,2,5327.30820487913,CUST_S15,,,165,2023-08
TXN00003,sell,2023-08-01 13:17:00,DB004,drill_bits,1,2111.9855636260636,CUST_S06,,,122,2023-08
TXN00004,sell,2023-08-01 16:31:00,DB004,drill_bits,4,2115.6657671539106,CUST_H04,,,118,2023-08
TXN00001,sell,2023-08-01 17:48:00,CC001,carbide_cutters,2,2652.152649196321,CUST_H01,,,150,2023-08
TXN00007,sell,2023-08-02 10:10:00,CC001,carbide_cutters,2,2681.8852809441914,CUST_H04,,,148,2023-08
TXN00006,sell,2023-08-02 13:53:00,AC001,accessories,2,643.972580495897,CUST_S09,,,175,2023-08
TXN00009,sell,2023-08-03 09:59:00,DC002,diamond_cutters,1,12811.186245216553,CUST_S13,,,120,2023-08
TXN00010,sell,2023-08-03 15:24:00,AC001,accessories,1,654.1996273189187,CUST_S15,,,174,2023-08
TXN00008,sell,2023-08-03 16:37:00,DB003,drill_bits,1,1809.0494360788703,CUST_S10,,,155,2023-08
TXN00011,sell,2023-08-03 17:51:00,CC003,carbide_cutters,1,4676.948107457009,CUST_S13,,,164,2023-08
TXN00012,sell,2023-08-05 16:30:00,AC001,accessories,1,655.84175096844,CUST_S09,,,173,2023-08
TXN00015,sell,2023-08-06 09:09:00,DB001,drill_bits,3,1048.5376117057526,CUST_S06,,,136,2023-08
TXN00013,sell,2023-08-06 17:12:00,DB001,drill_bits,1,1034.402776480694,CUST_S16,,,135,2023-08
TXN00014,sell,2023-08-06 17:56:00,AC001,accessories,3,639.0579824936763,CUST_S04,,,170,2023-08
TXN00016,sell,2023-08-07 15:57:00,DC001,diamond_cutters,1,8931.870706237234,CUST_S06,,,128,2023-08
TXN00018,sell,2023-08-08 13:11:00,DB001,drill_bits,1,1048.4845968429493,CUST_S16,,,134,2023-08
TXN00017,sell,2023-08-08 17:18:00,DB004,drill_bits,3,2069.02868024176,CUST_H02,,,115,2023-08
TXN00025,sell,2023-08-10 09:17:00,DC002,diamond_cutters,1,12527.857883244144,CUST_S13,,,119,2023-08
TXN00023,sell,2023-08-10 09:51:00,DB004,drill_bits,3,2079.1081322717405,CUST_S03,,,112,2023-08
TXN00022,sell,2023-08-10 11:07:00,DC003,diamond_cutters,1,14379.009096488127,CUST_H03,,,137,2023-08
TXN00020,sell,2023-08-10 13:45:00,DB002,drill_bits,2,1546.8872427329425,CUST_H04,,,144,2023-08
TXN00019,sell,2023-08-10 14:02:00,DB004,drill_bits,2,2100.1518804599996,CUST_H02,,,110,2023-08
TXN00024,sell,2023-08-10 16:06:00,DB002,drill_bits,1,1571.9053418200936,CUST_S02,,,143,2023-08
TXN00021,sell,2023-08-10 16:33:00,DB004,drill_bits,1,2114.7615014284174,CUST_S14,,,109,2023-08
TXN00026,sell,2023-08-11 09:17:00,DB002,drill_bits,2,1519.144377082003,CUST_H01,,,141,2023-08
TXN00028,sell,2023-08-11 09:38:00,DB004,drill_bits,2,2084.0339545854135,CUST_S08,,,107,2023-08
TXN00027,sell,2023-08-11 14:31:00,CC001,carbide_cutters,1,2660.125982323215,CUST_S02,,,147,2023-08
TXN00031,sell,2023-08-13 13:13:00,CC003,carbide_cutters,1,4743.402762838364,CUST_S12,,,163,2023-08
TXN00030,sell,2023-08-13 14:06:00,CC001,carbide_cutters,2,2660.185562868266,CUST_S04,,,145,2023-08
TXN00032,sell,2023-08-13 14:53:00,DB001,drill_bits,4,1066.570078006617,CUST_H02,,,130,2023-08
TXN00029,sell,2023-08-13 15:23:00,DC001,diamond_cutters,1,9269.170680913538,CUST_H03,,,127,2023-08
TXN00033,sell,2023-08-14 13:35:00,CC001,carbide_cutters,2,2750.07531196712,CUST_H01,,,143,2023-08
TXN00034,sell,2023-08-14 17:13:00,DB003,drill_bits,2,1811.8496453531238,CUST_S10,,,153,2023-08
TXN00035,sell,2023-08-16 13:52:00,DB004,drill_bits,1,2043.7386848581843,CUST_S15,,,106,2023-08
TXN00036,sell,2023-08-16 14:38:00,AC001,accessories,2,662.2729256022176,CUST_S15,,,168,2023-08
TXN00037,sell,2023-08-17 09:02:00,DB003,drill_bits,1,1849.1000068354597,CUST_S08,,,152,2023-08
TXN00038,sell,2023-08-17 14:58:00,AC001,accessories,1,658.7288589168896,CUST_S08,,,167,2023-08
TXN00039,sell,2023-08-17 17:35:00,CC004,carbide_cutters,2,5488.402325570829,CUST_S06,,,163,2023-08
TXN00040,sell,2023-08-18 14:18:00,CC004,carbide_cutters,1,5362.455256574223,CUST_H03,,,162,2023-08
TXN00042,sell,2023-08-20 12:43:00,CC001,carbide_cutters,1,2728.5239288945636,CUST_S10,,,142,2023-08
TXN00041,sell,2023-08-20 15:04:00,DB001,drill_bits,1,1042.4755226907341,CUST_S08,,,129,2023-08
TXN00043,sell,2023-08-20 17:17:00,DB002,drill_bits,2,1569.6244727136907,CUST_S08,,,139,2023-08
TXN00046,sell,2023-08-21 10:36:00,DB003,drill_bits,2,1816.2549031032509,CUST_S01,,,150,2023-08
TXN00045,sell,2023-08-21 10:52:00,DB003,drill_bits,1,1798.1966715039352,CUST_S05,,,149,2023-08
TXN00044,sell,2023-08-21 16:17:00,CC001,carbide_cutters,1,2658.952536218015,CUST_S07,,,141,2023-08
TXN00047,sell,2023-08-22 17:20:00,DB002,drill_bits,2,1561.8242557237286,CUST_H03,,,137,2023-08
TXN00048,sell,2023-08-23 09:55:00,DB004,drill_bits,2,2063.917619479576,CUST_H04,,,104,2023-08
TXN00051,sell,2023-08-23 13:06:00,DB004,drill_bits,1,2098.2613409935198,CUST_S08,,,103,2023-08
TXN00049,sell,2023-08-23 13:14:00,CC003,carbide_cutters,1,4773.380426048119,CUST_S05,,,162,2023-08
TXN00050,sell,2023-08-23 14:43:00,DC002,diamond_cutters,1,12823.855739471708,CUST_S06,,,118,2023-08
TXN00052,sell,2023-08-24 12:10:00,AC001,accessories,4,644.2103085377577,CUST_H01,,,163,2023-08
TXN00053,sell,2023-08-24 13:04:00,DC001,diamond_cutters,1,8927.485529021695,CUST_S12,,,126,2023-08
TXN00054,sell,2023-08-24 17:48:00,DB002,drill_bits,1,1542.4345996345571,CUST_S01,,,136,2023-08
TXN00055,sell,2023-08-25 09:06:00,DB002,drill_bits,2,1534.7808069270286,CUST_H01,,,134,2023-08
TXN00056,sell,2023-08-25 09:26:00,DC003,diamond_cutters,1,14339.003657025843,CUST_S11,,,136,2023-08
TXN00057,sell,2023-08-25 13:43:00,CC004,carbide_cutters,1,5456.845484246319,CUST_S14,,,161,2023-08
TXN00059,sell,2023-08-26 10:02:00,DB002,drill_bits,3,1546.7593941150144,CUST_S16,,,131,2023-08
TXN00058,sell,2023-08-26 11:25:00,DB002,drill_bits,3,1565.9806058098047,CUST_H01,,,128,2023-08
TXN00062,sell,2023-08-26 12:54:00,CC004,carbide_cutters,1,5304.840392155815,CUST_H01,,,160,2023-08
TXN00061,sell,2023-08-26 13:21:00,DB003,drill_bits,1,1794.54419227169,CUST_S10,,,148,2023-08
TXN00060,sell,2023-08-26 17:06:00,CC002,carbide_cutters,1,3975.7515594334095,CUST_H02,,,135,2023-08
TXN00063,sell,2023-08-27 11:13:00,DC003,diamond_cutters,1,14124.830956311358,CUST_S06,,,135,2023-08
TXN00064,sell,2023-08-27 16:43:00,DB004,drill_bits,1,2052.325059930066,CUST_S08,,,102,2023-08
TXN00068,sell,2023-08-28 09:47:00,DB004,drill_bits,2,2111.223423989633,CUST_S04,,,100,2023-08
TXN00069,sell,2023-08-28 13:17:00,DC002,diamond_cutters,1,12639.694915190275,CUST_S16,,,117,2023-08
TXN00070,sell,2023-08-28 13:44:00,DB003,drill_bits,1,1835.758143739255,CUST_S03,,,147,2023-08
TXN00067,sell,2023-08-28 14:51:00,CC004,carbide_cutters,2,5315.288243971548,CUST_H03,,,158,2023-08
TXN00066,sell,2023-08-28 15:19:00,CC001,carbide_cutters,1,2740.2572644343654,CUST_H03,,,140,2023-08
TXN00065,sell,2023-08-28 15:34:00,DB002,drill_bits,2,1523.1919026330188,CUST_S13,,,126,2023-08
TXN00072,sell,2023-08-29 10:27:00,DB002,drill_bits,1,1523.842034262354,CUST_S09,,,125,2023-08
TXN00071,sell,2023-08-29 12:26:00,DB003,drill_bits,2,1820.1429381868106,CUST_H02,,,145,2023-08
TXN00074,sell,2023-08-30 12:57:00,DC003,diamond_cutters,1,14088.343723778871,CUST_S08,,,134,2023-08
TXN00073,sell,2023-08-30 14:36:00,CC004,carbide_cutters,1,5384.1444590600595,CUST_H03,,,157,2023-08
TXN00078,sell,2023-08-31 09:40:00,DB004,drill_bits,1,2107.9132476002956,CUST_S09,,,99,2023-08
TXN00075,sell,2023-08-31 11:43:00,DB004,drill_bits,3,2063.386140328288,CUST_S01,,,96,2023-08
TXN00079,sell,2023-08-31 16:04:00,DB003,drill_bits,2,1839.8972463755395,CUST_S09,,,143,2023-08
TXN00076,sell,2023-08-31 17:06:00,AC001,accessories,1,655.8142434018602,CUST_S10,,,162,2023-08
TXN00077,sell,2023-08-31 17:51:00,AC001,accessories,1,654.3672100333666,CUST_S14,,,161,2023-08
TXN00080,sell,2023-09-01 09:08:00,DB004,drill_bits,4,2096.7760320719267,CUST_H02,,,92,2023-09
TXN00081,sell,2023-09-01 16:36:00,CC001,carbide_cutters,1,2704.318739326062,CUST_S15,,,139,2023-09
TXN00082,sell,2023-09-02 10:24:00,CC001,carbide_cutters,1,2734.6291901033146,CUST_H03,,,138,2023-09
TXN00083,sell,2023-09-02 14:42:00,DB004,drill_bits,2,2085.757701215631,CUST_S03,,,90,2023-09
TXN00084,sell,2023-09-03 17:44:00,CC001,carbide_cutters,1,2709.8129812906227,CUST_S04,,,137,2023-09
TXN00086,sell,2023-09-04 10:01:00,AC001,accessories,3,646.3635391852827,CUST_H04,,,158,2023-09
TXN00085,sell,2023-09-04 13:30:00,CC002,carbide_cutters,2,4103.859947342108,CUST_H03,,,133,2023-09
TXN00087,sell,2023-09-05 09:40:00,CC001,carbide_cutters,1,2749.440364883849,CUST_S03,,,136,2023-09
TXN00088,sell,2023-09-05 10:49:00,DB004,drill_bits,2,2063.521245473874,CUST_S10,,,88,2023-09
TXN00089,sell,2023-09-05 12:54:00,DC002,diamond_cutters,1,12575.048055917083,CUST_H03,,,116,2023-09
TXN00090,sell,2023-09-05 13:41:00,AC001,accessories,2,640.8889773112925,CUST_S16,,,156,2023-09
TXN00092,sell,2023-09-06 15:02:00,AC001,accessories,3,647.1596290354018,CUST_H03,,,153,2023-09
TXN00091,sell,2023-09-06 16:46:00,DC001,diamond_cutters,1,9059.48796685674,CUST_S01,,,125,2023-09
TXN00093,sell,2023-09-07 15:45:00,DB002,drill_bits,1,1556.2872903467794,CUST_S13,,,124,2023-09
TXN00094,sell,2023-09-08 14:05:00,AC001,accessories,1,639.5505131676742,CUST_S11,,,152,2023-09
TXN00095,sell,2023-09-09 12:36:00,DB004,drill_bits,1,2071.6589942879023,CUST_S12,,,87,2023-09
TXN00099,sell,2023-09-10 10:46:00,AC001,accessories,2,651.1754832260955,CUST_S03,,,150,2023-09
TXN00096,sell,2023-09-10 10:50:00,CC004,carbide_cutters,1,5298.301111886185,CUST_H03,,,156,2023-09
TXN00097,sell,2023-09-10 16:09:00,DB003,drill_bits,3,1785.2886895257066,CUST_H03,,,140,2023-09
TXN00098,sell,2023-09-10 16:26:00,DB004,drill_bits,1,2064.9416766058034,CUST_S16,,,86,2023-09
TXN00100,sell,2023-09-11 11:34:00,DB002,drill_bits,2,1555.3767379017065,CUST_S03,,,122,2023-09
TXN00102,sell,2023-09-12 10:56:00,DB001,drill_bits,2,1057.9012791342489,CUST_S08,,,127,2023-09
TXN00103,sell,2023-09-12 12:53:00,CC003,carbide_cutters,1,4815.911993717231,CUST_S16,,,161,2023-09
TXN00104,sell,2023-09-12 13:32:00,DB004,drill_bits,3,2056.3170436744103,CUST_H02,,,83,2023-09
TXN00101,sell,2023-09-12 13:49:00,CC002,carbide_cutters,2,3986.4095755148473,CUST_H01,,,131,2023-09
TXN00107,sell,2023-09-13 14:25:00,DB002,drill_bits,3,1572.8711080575088,CUST_S15,,,119,2023-09
TXN00105,sell,2023-09-13 15:24:00,CC003,carbide_cutters,1,4684.592334738108,CUST_H03,,,160,2023-09
TXN00106,sell,2023-09-13 17:34:00,AC001,accessories,3,658.2116675555329,CUST_H03,,,147,2023-09
TXN00108,sell,2023-09-14 09:20:00,DB001,drill_bits,4,1052.9961571297763,CUST_H01,,,123,2023-09
TXN00109,sell,2023-09-15 09:43:00,DB003,drill_bits,4,1854.722876135618,CUST_H02,,,136,2023-09
TXN00110,sell,2023-09-15 11:03:00,CC002,carbide_cutters,1,4035.779599148407,CUST_S01,,,130,2023-09
TXN00111,sell,2023-09-17 14:01:00,AC001,accessories,2,658.6415549484683,CUST_H04,,,145,2023-09
TXN00113,sell,2023-09-18 09:52:00,AC001,accessories,2,642.8256223079076,CUST_H02,,,143,2023-09
TXN00112,sell,2023-09-18 14:11:00,DB003,drill_bits,1,1795.3641657178805,CUST_S13,,,135,2023-09
TXN00114,sell,2023-09-19 12:50:00,DB001,drill_bits,1,1031.2509593046686,CUST_S03,,,122,2023-09
TXN00116,sell,2023-09-19 15:34:00,DB001,drill_bits,2,1062.6677168811073,CUST_S07,,,120,2023-09
TXN00115,sell,2023-09-19 15:57:00,DC002,diamond_cutters,1,12398.980744575849,CUST_H04,,,115,2023-09
TXN00117,sell,2023-09-20 11:53:00,DC002,diamond_cutters,1,12393.296108051338,CUST_S14,,,114,2023-09
TXN00118,sell,2023-09-20 13:05:00,CC004,carbide_cutters,1,5363.450801446152,CUST_S01,,,155,2023-09
TXN00119,sell,2023-09-20 14:21:00,DB003,drill_bits,2,1817.9376433411287,CUST_H04,,,133,2023-09
TXN00121,sell,2023-09-21 09:03:00,AC001,accessories,1,642.1197587523155,CUST_S03,,,142,2023-09
TXN00120,sell,2023-09-21 12:02:00,DB002,drill_bits,3,1526.186859010057,CUST_S01,,,116,2023-09
TXN00123,sell,2023-09-23 09:55:00,DC002,diamond_cutters,1,12626.47728805844,CUST_S04,,,113,2023-09
TXN00124,sell,2023-09-23 11:06:00,DB003,drill_bits,1,1808.2318693263735,CUST_S10,,,132,2023-09
TXN00122,sell,2023-09-23 15:17:00,DB002,drill_bits,2,1521.995264093623,CUST_S10,,,114,2023-09
TXN00125,sell,2023-09-24 11:45:00,AC001,accessories,2,644.0877298059453,CUST_S07,,,140,2023-09
TXN00126,sell,2023-09-24 15:55:00,DB001,drill_bits,2,1070.696268611669,CUST_S02,,,118,2023-09
TXN00127,sell,2023-09-25 10:16:00,CC004,carbide_cutters,2,5332.370367379771,CUST_S08,,,153,2023-09
TXN00129,sell,2023-09-26 09:38:00,DB004,drill_bits,1,2046.2951004462973,CUST_S02,,,82,2023-09
TXN00131,sell,2023-09-26 10:24:00,DB003,drill_bits,1,1800.8453973388218,CUST_S04,,,131,2023-09
TXN00132,sell,2023-09-26 15:06:00,AC001,accessories,2,653.2760735768048,CUST_S09,,,138,2023-09
TXN00130,sell,2023-09-26 16:49:00,DB002,drill_bits,1,1544.7676575139546,CUST_S10,,,113,2023-09
TXN00134,sell,2023-09-26 16:51:00,CC002,carbide_cutters,1,4059.2119128685144,CUST_H02,,,129,2023-09
TXN00128,sell,2023-09-26 17:14:00,DB001,drill_bits,3,1070.4118753334458,CUST_H04,,,115,2023-09
TXN00133,sell,2023-09-26 17:18:00,CC002,carbide_cutters,1,4094.140314764865,CUST_S04,,,128,2023-09
TXN00135,sell,2023-09-26 17:49:00,DC001,diamond_cutters,1,8991.370995299507,CUST_S11,,,124,2023-09
TXN00136,sell,2023-09-27 09:39:00,DB002,drill_bits,3,1573.448009624843,CUST_S10,,,110,2023-09
TXN00137,sell,2023-09-27 10:32:00,DB004,drill_bits,3,2040.2414782582073,CUST_H01,,,79,2023-09
TXN00138,sell,2023-09-27 14:19:00,AC001,accessories,1,649.0222500289458,CUST_S04,,,137,2023-09
TXN00139,sell,2023-09-28 14:58:00,CC004,carbide_cutters,1,5485.2149722655,CUST_S10,,,152,2023-09
TXN00141,sell,2023-09-29 11:15:00,CC003,carbide_cutters,2,4644.357468398846,CUST_H03,,,158,2023-09
TXN00140,sell,2023-09-29 16:15:00,DB001,drill_bits,1,1034.592033741111,CUST_S11,,,114,2023-09
TXN00142,sell,2023-10-03 13:23:00,DB003,drill_bits,2,1821.0401380345772,CUST_S10,,,129,2023-10
TXN00145,sell,2023-10-04 13:02:00,CC001,carbide_cutters,1,2654.537322172654,CUST_S11,,,135,2023-10
TXN00144,sell,2023-10-04 14:07:00,DB004,drill_bits,2,2038.7524913483192,CUST_S15,,,77,2023-10
TXN00143,sell,2023-10-04 17:09:00,DB001,drill_bits,2,1048.1970227683385,CUST_S08,,,112,2023-10
TXN00147,sell,2023-10-05 09:39:00,AC001,accessories,2,651.1647997017844,CUST_S03,,,135,2023-10
TXN00146,sell,2023-10-05 10:36:00,AC001,accessories,3,650.2209195218453,CUST_S01,,,132,2023-10
TXN00149,sell,2023-10-06 13:53:00,DB002,drill_bits,2,1531.026900825189,CUST_S03,,,108,2023-10
TXN00148,sell,2023-10-06 17:37:00,DB002,drill_bits,3,1545.286114798995,CUST_H04,,,105,2023-10
TXN00151,sell,2023-10-08 11:26:00,AC001,accessories,1,641.9445875885347,CUST_S03,,,131,2023-10
TXN00150,sell,2023-10-08 16:54:00,DB001,drill_bits,3,1038.641003423994,CUST_S04,,,109,2023-10
TXN00152,sell,2023-10-09 16:37:00,DC001,diamond_cutters,1,9152.0560950522,CUST_S01,,,123,2023-10
TXN00154,sell,2023-10-10 11:28:00,DC002,diamond_cutters,1,12414.113865246221,CUST_S01,,,112,2023-10
TXN00153,sell,2023-10-10 11:54:00,DC003,diamond_cutters,1,14411.604355280204,CUST_S04,,,133,2023-10
TXN00155,sell,2023-10-10 16:32:00,DB002,drill_bits,2,1519.050234236276,CUST_S01,,,103,2023-10
TXN00157,sell,2023-10-12 11:22:00,DC002,diamond_cutters,1,12798.292135579519,CUST_H01,,,111,2023-10
TXN00156,sell,2023-10-12 12:39:00,CC001,carbide_cutters,1,2690.0423646498034,CUST_S04,,,134,2023-10
TXN00158,sell,2023-10-14 14:34:00,CC004,carbide_cutters,1,5322.475177217993,CUST_S11,,,151,2023-10
TXN00159,sell,2023-10-16 13:49:00,DB002,drill_bits,1,1519.9307804015987,CUST_S13,,,102,2023-10
TXN00160,sell,2023-10-16 16:36:00,DC002,diamond_cutters,1,12643.301878047894,CUST_S10,,,110,2023-10
TXN00161,sell,2023-10-16 17:58:00,DC003,diamond_cutters,1,14448.281092302732,CUST_S01,,,132,2023-10
TXN00163,sell,2023-10-17 13:39:00,AC001,accessories,2,645.8920457817868,CUST_H01,,,129,2023-10
TXN00164,sell,2023-10-17 15:55:00,DB003,drill_bits,2,1791.7728717698385,CUST_H03,,,127,2023-10
TXN00162,sell,2023-10-17 16:07:00,AC001,accessories,1,646.8977778276883,CUST_S03,,,128,2023-10
TXN00165,sell,2023-10-17 17:54:00,CC003,carbide_cutters,1,4744.30493587344,CUST_S08,,,157,2023-10
TXN00170,sell,2023-10-18 09:19:00,DB003,drill_bits,2,1854.35147644499,CUST_S06,,,125,2023-10
TXN00168,sell,2023-10-18 10:03:00,DB003,drill_bits,2,1814.7022510311385,CUST_H01,,,123,2023-10
TXN00169,sell,2023-10-18 14:38:00,CC003,carbide_cutters,1,4713.695226669226,CUST_S02,,,156,2023-10
TXN00166,sell,2023-10-18 16:49:00,DB004,drill_bits,3,2085.4743553158078,CUST_H01,,,74,2023-10
TXN00167,sell,2023-10-18 17:05:00,DB003,drill_bits,1,1845.5166210173115,CUST_S01,,,122,2023-10
TXN00171,sell,2023-10-19 17:13:00,AC001,accessories,1,659.0324248146735,CUST_S09,,,127,2023-10
TXN00172,sell,2023-10-20 10:25:00,DB003,drill_bits,2,1791.455295037526,CUST_H04,,,120,2023-10
TXN00173,sell,2023-10-20 14:46:00,AC001,accessories,1,653.8313951782038,CUST_S11,,,126,2023-10
TXN00174,sell,2023-10-21 11:39:00,DB003,drill_bits,1,1850.6763459859603,CUST_S08,,,119,2023-10
TXN00176,sell,2023-10-21 13:00:00,DB003,drill_bits,2,1813.7124585434321,CUST_H04,,,117,2023-10
TXN00175,sell,2023-10-21 17:58:00,DC001,diamond_cutters,1,9115.580261011177,CUST_H04,,,122,2023-10
TXN00177,sell,2023-10-22 15:48:00,DC002,diamond_cutters,1,12384.937071151948,CUST_H04,,,109,2023-10
TXN00180,sell,2023-10-24 11:55:00,CC003,carbide_cutters,1,4741.925894793983,CUST_H04,,,155,2023-10
TXN00178,sell,2023-10-24 14:18:00,DC003,diamond_cutters,1,14262.377937239318,CUST_H02,,,131,2023-10
TXN00179,sell,2023-10-24 16:24:00,DB003,drill_bits,3,1829.9513115292352,CUST_H01,,,114,2023-10
TXN00181,sell,2023-10-25 15:38:00,CC004,carbide_cutters,1,5493.413042831459,CUST_S02,,,150,2023-10
TXN00182,sell,2023-10-27 09:13:00,DC001,diamond_cutters,1,9216.86819213337,CUST_S06,,,121,2023-10
TXN00183,sell,2023-10-28 11:31:00,DB004,drill_bits,1,2082.965465474782,CUST_S13,,,73,2023-10
TXN00184,sell,2023-10-28 16:06:00,DB004,drill_bits,1,2039.5951780245846,CUST_S16,,,72,2023-10
TXN00185,sell,2023-10-29 10:17:00,DC003,diamond_cutters,1,14303.242650366125,CUST_S03,,,130,2023-10
TXN00186,sell,2023-10-29 10:45:00,DB001,drill_bits,2,1068.0030433877685,CUST_S10,,,107,2023-10
TXN00187,sell,2023-10-29 15:30:00,DB002,drill_bits,2,1566.2449721409034,CUST_H03,,,100,2023-10
TXN00188,sell,2023-10-30 11:21:00,DC002,diamond_cutters,1,12644.588513071016,CUST_S15,,,108,2023-10
TXN00190,sell,2023-10-30 13:35:00,AC001,accessories,1,656.6264040868911,CUST_S12,,,125,2023-10
TXN00189,sell,2023-10-30 17:32:00,DC001,diamond_cutters,1,9069.923178101417,CUST_S04,,,120,2023-10
TXN00192,sell,2023-11-01 11:22:00,CC003,carbide_cutters,1,4720.431633477838,CUST_S16,,,154,2023-11
TXN00191,sell,2023-11-01 12:28:00,DB001,drill_bits,2,1038.6485851590824,CUST_S08,,,105,2023-11
TXN00193,sell,2023-11-01 12:44:00,DC002,diamond_cutters,1,12735.438712718196,CUST_S09,,,107,2023-11
TXN00196,sell,2023-11-02 09:41:00,DB001,drill_bits,1,1055.6844906345527,CUST_S09,,,104,2023-11
TXN00194,sell,2023-11-02 11:02:00,DB004,drill_bits,2,2070.1048762612413,CUST_S04,,,70,2023-11
TXN00195,sell,2023-11-02 16:15:00,CC001,carbide_cutters,1,2670.1447499638643,CUST_S05,,,133,2023-11
TXN00199,sell,2023-11-03 12:13:00,DB001,drill_bits,1,1037.7194742923853,CUST_S07,,,103,2023-11
TXN00197,sell,2023-11-03 14:41:00,AC001,accessories,2,658.6225842883214,CUST_S11,,,123,2023-11
TXN00198,sell,2023-11-03 15:36:00,CC001,carbide_cutters,2,2740.652235970585,CUST_S13,,,131,2023-11
TXN00201,sell,2023-11-05 09:48:00,DB001,drill_bits,2,1051.0649665251392,CUST_S07,,,101,2023-11
TXN00200,sell,2023-11-05 11:07:00,DB002,drill_bits,1,1534.3132927316587,CUST_S14,,,99,2023-11
TXN00202,sell,2023-11-08 15:38:00,CC001,carbide_cutters,1,2694.050633081534,CUST_H01,,,130,2023-11
TXN00204,sell,2023-11-10 15:34:00,DC001,diamond_cutters,1,9076.305963097893,CUST_H04,,,119,2023-11
TXN00203,sell,2023-11-10 17:30:00,DC001,diamond_cutters,1,9251.540635190257,CUST_H04,,,118,2023-11
TXN00206,sell,2023-11-11 10:38:00,DB004,drill_bits,2,2051.103037133611,CUST_S12,,,68,2023-11
TXN00205,sell,2023-11-11 17:34:00,DB001,drill_bits,2,1046.50045277231,CUST_H01,,,99,2023-11
TXN00209,sell,2023-11-15 14:31:00,DB002,drill_bits,1,1560.2443941639592,CUST_S15,,,98,2023-11
TXN00208,sell,2023-11-15 15:09:00,DB004,drill_bits,2,2094.021540065783,CUST_S13,,,66,2023-11
TXN00207,sell,2023-11-15 16:01:00,CC003,carbide_cutters,1,4665.045023497778,CUST_S01,,,153,2023-11
TXN00211,sell,2023-11-16 13:03:00,DC002,diamond_cutters,1,12772.299472177898,CUST_H03,,,106,2023-11
TXN00210,sell,2023-11-16 15:55:00,DC003,diamond_cutters,1,14367.198476466492,CUST_S08,,,129,2023-11
TXN00213,sell,2023-11-17 14:45:00,DB003,drill_bits,2,1823.4449306642541,CUST_H01,,,112,2023-11
TXN00212,sell,2023-11-17 17:46:00,DB003,drill_bits,2,1784.7171272769729,CUST_S01,,,110,2023-11
TXN00216,sell,2023-11-19 09:36:00,CC003,carbide_cutters,2,4782.068082953006,CUST_H04,,,151,2023-11
TXN00215,sell,2023-11-19 12:36:00,DB003,drill_bits,1,1812.528848176055,CUST_S01,,,109,2023-11
TXN00214,sell,2023-11-19 12:48:00,DC003,diamond_cutters,1,14133.97348280711,CUST_S14,,,128,2023-11
TXN00217,sell,2023-11-20 09:36:00,CC001,carbide_cutters,1,2689.5574454702846,CUST_S02,,,129,2023-11
TXN00220,sell,2023-11-21 11:22:00,CC002,carbide_cutters,1,4094.046035891031,CUST_S07,,,127,2023-11
TXN00219,sell,2023-11-21 13:35:00,DB001,drill_bits,3,1032.4985685469305,CUST_S16,,,96,2023-11
TXN00218,sell,2023-11-21 14:30:00,CC004,carbide_cutters,1,5376.056627210989,CUST_S13,,,149,2023-11
TXN00221,sell,2023-11-22 09:42:00,DB003,drill_bits,1,1850.253844179271,CUST_S12,,,108,2023-11
TXN00222,sell,2023-11-23 11:55:00,DB004,drill_bits,2,2090.381743613495,CUST_S13,,,64,2023-11
TXN00223,sell,2023-11-24 10:28:00,CC002,carbide_cutters,1,4121.203641560555,CUST_S03,,,126,2023-11
TXN00224,sell,2023-11-24 17:25:00,DB004,drill_bits,1,2094.289655841537,CUST_S10,,,63,2023-11
TXN00225,sell,2023-11-26 11:03:00,DB001,drill_bits,1,1042.8505900915418,CUST_S16,,,95,2023-11
TXN00226,sell,2023-11-27 15:44:00,CC002,carbide_cutters,1,4080.2532205922175,CUST_S14,,,125,2023-11
TXN00228,sell,2023-11-28 09:31:00,DC002,diamond_cutters,1,12795.984745164138,CUST_S03,,,105,2023-11
TXN00227,sell,2023-11-28 10:35:00,CC004,carbide_cutters,1,5403.339585160681,CUST_S14,,,148,2023-11
TXN00229,sell,2023-11-29 10:54:00,CC001,carbide_cutters,1,2742.3073389775245,CUST_S08,,,128,2023-11
TXN00230,sell,2023-11-30 12:17:00,CC003,carbide_cutters,2,4746.26924320953,CUST_S12,,,149,2023-11
TXN00231,sell,2023-11-30 13:18:00,CC003,carbide_cutters,1,4745.812932239562,CUST_H01,,,148,2023-11
TXN00232,sell,2023-12-01 09:54:00,CC001,carbide_cutters,1,2650.6553264492236,CUST_H01,,,127,2023-12
TXN00233,sell,2023-12-01 11:48:00,DC001,diamond_cutters,1,8956.309985366803,CUST_H03,,,117,2023-12
TXN00234,sell,2023-12-01 12:03:00,DB004,drill_bits,3,2101.691026227296,CUST_S16,,,60,2023-12
TXN00236,sell,2023-12-02 12:19:00,DB004,drill_bits,2,2059.1024281496757,CUST_S11,,,58,2023-12
TXN00235,sell,2023-12-02 15:39:00,DB003,drill_bits,1,1791.9234780605077,CUST_S06,,,107,2023-12
TXN00237,sell,2023-12-02 16:36:00,DB001,drill_bits,2,1068.7510830014937,CUST_S16,,,93,2023-12
TXN00238,sell,2023-12-04 12:49:00,DB001,drill_bits,3,1057.6819772695176,CUST_H04,,,90,2023-12
TXN00242,sell,2023-12-05 10:30:00,DB003,drill_bits,1,1823.9432836538958,CUST_S01,,,106,2023-12
TXN00240,sell,2023-12-05 15:21:00,DC003,diamond_cutters,1,14531.026570672717,CUST_H01,,,127,2023-12
TXN00239,sell,2023-12-05 15:40:00,DC002,diamond_cutters,1,12601.62827660434,CUST_H03,,,104,2023-12
TXN00241,sell,2023-12-05 16:10:00,DB003,drill_bits,1,1790.048641063768,CUST_S05,,,105,2023-12
TXN00243,sell,2023-12-06 17:49:00,CC004,carbide_cutters,1,5315.821057228829,CUST_S11,,,147,2023-12
TXN00244,sell,2023-12-07 15:52:00,CC002,carbide_cutters,1,4091.986102252146,CUST_H01,,,124,2023-12
TXN00245,sell,2023-12-08 11:49:00,DB002,drill_bits,2,1567.2609205089868,CUST_H01,,,96,2023-12
TXN00246,sell,2023-12-09 14:02:00,DC001,diamond_cutters,1,9228.89978561062,CUST_S05,,,116,2023-12
TXN00247,sell,2023-12-09 14:53:00,AC001,accessories,2,656.8074977192165,CUST_S03,,,121,2023-12
TXN00248,sell,2023-12-11 12:25:00,DB001,drill_bits,2,1060.1152093226258,CUST_H03,,,88,2023-12
TXN00249,sell,2023-12-12 14:50:00,DC001,diamond_cutters,1,9100.203535047665,CUST_S05,,,115,2023-12
TXN00253,sell,2023-12-13 10:38:00,DC003,diamond_cutters,1,14255.05065114385,CUST_S05,,,126,2023-12
TXN00252,sell,2023-12-13 11:34:00,DB001,drill_bits,2,1041.6066167896201,CUST_S14,,,86,2023-12
TXN00251,sell,2023-12-13 17:03:00,CC002,carbide_cutters,1,4118.303202003566,CUST_S10,,,123,2023-12
TXN00250,sell,2023-12-13 17:52:00,DC002,diamond_cutters,1,12506.56908717162,CUST_S05,,,103,2023-12
TXN00254,sell,2023-12-16 11:23:00,CC004,carbide_cutters,1,5401.537770757781,CUST_S02,,,146,2023-12
TXN00255,sell,2023-12-17 11:47:00,DB004,drill_bits,1,2057.965639422605,CUST_S01,,,57,2023-12
TXN00256,sell,2023-12-17 14:59:00,DB004,drill_bits,2,2092.4471486883945,CUST_H02,,,55,2023-12
TXN00258,sell,2023-12-19 14:56:00,CC004,carbide_cutters,1,5294.560413857595,CUST_S15,,,145,2023-12
TXN00257,sell,2023-12-19 16:38:00,DC002,diamond_cutters,1,12357.544697183717,CUST_H04,,,102,2023-12
TXN00259,sell,2023-12-20 11:23:00,DC003,diamond_cutters,1,14562.876750693322,CUST_H04,,,125,2023-12
TXN00260,sell,2023-12-21 10:04:00,DB003,drill_bits,1,1828.7589588728615,CUST_S06,,,104,2023-12
TXN00263,sell,2023-12-22 11:37:00,DB002,drill_bits,2,1548.0230560731466,CUST_S07,,,94,2023-12
TXN00262,sell,2023-12-22 13:37:00,DB003,drill_bits,1,1790.0612529747511,CUST_S11,,,103,2023-12
TXN00261,sell,2023-12-22 16:46:00,CC002,carbide_cutters,1,4112.53789297505,CUST_S11,,,122,2023-12
TXN00264,sell,2023-12-23 09:23:00,CC003,carbide_cutters,1,4723.232756800589,CUST_S12,,,147,2023-12
TXN00265,sell,2023-12-24 11:52:00,CC001,carbide_cutters,2,2723.5096597558063,CUST_S13,,,125,2023-12
TXN00267,sell,2023-12-24 12:36:00,CC001,carbide_cutters,1,2661.7561280559607,CUST_H03,,,124,2023-12
TXN00266,sell,2023-12-24 12:54:00,DC003,diamond_cutters,1,14411.006036615365,CUST_S10,,,124,2023-12
TXN00268,sell,2023-12-25 17:32:00,DB002,drill_bits,4,1542.8547473930792,CUST_H01,,,90,2023-12
TXN00269,sell,2023-12-25 17:49:00,DB003,drill_bits,3,1841.2691528316427,CUST_S09,,,100,2023-12
TXN00271,sell,2023-12-26 13:24:00,DB003,drill_bits,2,1838.182354629489,CUST_S01,,,98,2023-12
TXN00270,sell,2023-12-26 14:29:00,CC003,carbide_cutters,1,4645.450309964919,CUST_S05,,,146,2023-12
TXN00272,sell,2023-12-26 16:49:00,CC004,carbide_cutters,1,5446.097640901469,CUST_S16,,,144,2023-12
TXN00273,sell,2023-12-28 15:12:00,CC002,carbide_cutters,1,4051.9356217590803,CUST_S05,,,121,2023-12
TXN00274,sell,2023-12-29 17:33:00,DC003,diamond_cutters,1,14503.283867621136,CUST_H01,,,123,2023-12
TXN00275,sell,2023-12-31 13:13:00,DB002,drill_bits,3,1559.1990378850141,CUST_S07,,,87,2023-12
TXN00277,sell,2023-12-31 14:37:00,DB003,drill_bits,2,1826.6731123341137,CUST_S07,,,96,2023-12
TXN00276,sell,2023-12-31 16:53:00,DB003,drill_bits,2,1800.2525476274648,CUST_H02,,,94,2023-12
TXN00282,sell,2024-01-02 11:17:00,CC001,carbide_cutters,1,2686.025363611202,CUST_S11,,,123,2024-01
TXN00280,sell,2024-01-02 11:28:00,DB001,drill_bits,1,1029.3271661206256,CUST_S01,,,85,2024-01
TXN00278,sell,2024-01-02 14:03:00,DB001,drill_bits,2,1029.499958127203,CUST_S15,,,83,2024-01
TXN00281,sell,2024-01-02 16:49:00,CC002,carbide_cutters,1,4036.0274044602247,CUST_S01,,,120,2024-01
TXN00279,sell,2024-01-02 17:27:00,DB001,drill_bits,1,1062.3535845796189,CUST_S09,,,82,2024-01
TXN00284,sell,2024-01-04 10:46:00,DB002,drill_bits,2,1528.1067085766397,CUST_S07,,,85,2024-01
TXN00283,sell,2024-01-04 16:11:00,DB004,drill_bits,2,2088.140265861748,CUST_S13,,,53,2024-01
TXN00285,sell,2024-01-05 09:11:00,DB001,drill_bits,3,1051.6432161919686,CUST_S04,,,79,2024-01
TXN00286,sell,2024-01-05 14:31:00,CC004,carbide_cutters,1,5334.927477770338,CUST_H02,,,143,2024-01
TXN00287,sell,2024-01-06 17:31:00,DB002,drill_bits,2,1521.2992600957662,CUST_H04,,,83,2024-01
TXN00288,sell,2024-01-07 10:55:00,DC002,diamond_cutters,1,12456.705086079568,CUST_S01,,,101,2024-01
TXN00293,sell,2024-01-07 11:21:00,DC002,diamond_cutters,1,12632.021120938609,CUST_H04,,,100,2024-01
TXN00292,sell,2024-01-07 15:34:00,DB003,drill_bits,2,1838.8384005225669,CUST_S02,,,92,2024-01
TXN00290,sell,2024-01-07 15:36:00,CC004,carbide_cutters,1,5377.45865935783,CUST_H03,,,142,2024-01
TXN00289,sell,2024-01-07 17:01:00,DC002,diamond_cutters,1,12834.120217771171,CUST_S15,,,99,2024-01
TXN00291,sell,2024-01-07 17:30:00,DB003,drill_bits,2,1854.452469986313,CUST_S09,,,90,2024-01
TXN00294,sell,2024-01-08 16:31:00,DC001,diamond_cutters,1,9237.972498520869,CUST_H02,,,114,2024-01
TXN00296,sell,2024-01-09 10:16:00,AC001,accessories,1,654.4396509931124,CUST_S11,,,120,2024-01
TXN00295,sell,2024-01-09 17:45:00,DB002,drill_bits,2,1574.48985961622,CUST_S10,,,81,2024-01
TXN00301,sell,2024-01-10 09:59:00,CC002,carbide_cutters,1,4023.31998030873,CUST_H04,,,119,2024-01
TXN00298,sell,2024-01-10 10:40:00,CC001,carbide_cutters,2,2652.296388131583,CUST_S05,,,121,2024-01
TXN00299,sell,2024-01-10 11:33:00,DB002,drill_bits,1,1566.4913725469594,CUST_S07,,,80,2024-01
TXN00300,sell,2024-01-10 14:39:00,DC002,diamond_cutters,1,12519.191296904128,CUST_S09,,,98,2024-01
TXN00297,sell,2024-01-10 17:11:00,CC001,carbide_cutters,1,2678.9656912759688,CUST_S03,,,120,2024-01
TXN00302,sell,2024-01-11 10:14:00,CC003,carbide_cutters,1,4689.102084200416,CUST_S14,,,145,2024-01
TXN00304,sell,2024-01-11 10:42:00,DC003,diamond_cutters,1,14344.709084182066,CUST_S15,,,122,2024-01
TXN00303,sell,2024-01-11 12:49:00,DC003,diamond_cutters,1,14221.805334009765,CUST_S14,,,121,2024-01
TXN00305,sell,2024-01-11 13:40:00,AC001,accessories,1,640.9044179712636,CUST_S11,,,119,2024-01
TXN00306,sell,2024-01-12 17:38:00,CC001,carbide_cutters,1,2717.155920331447,CUST_S11,,,119,2024-01
TXN00307,sell,2024-01-13 11:09:00,DB001,drill_bits,2,1070.4295891408883,CUST_H02,,,77,2024-01
TXN00308,sell,2024-01-13 11:58:00,AC001,accessories,3,643.552026419602,CUST_S08,,,116,2024-01
TXN00310,sell,2024-01-14 11:58:00,DB004,drill_bits,1,2064.2329174518495,CUST_S06,,,52,2024-01
TXN00309,sell,2024-01-14 16:13:00,DB003,drill_bits,3,1837.1988393868157,CUST_H04,,,87,2024-01
TXN00311,sell,2024-01-16 09:24:00,DC002,diamond_cutters,1,12755.305324243549,CUST_H01,,,97,2024-01
TXN00312,sell,2024-01-17 10:31:00,AC001,accessories,3,645.8534175006487,CUST_H04,,,113,2024-01
TXN00313,sell,2024-01-17 12:42:00,CC004,carbide_cutters,1,5469.330128764398,CUST_S10,,,141,2024-01
TXN00317,sell,2024-01-18 10:18:00,DB001,drill_bits,2,1061.9333981305067,CUST_S01,,,75,2024-01
TXN00316,sell,2024-01-18 10:49:00,AC001,accessories,1,639.594910503398,CUST_S11,,,112,2024-01
TXN00315,sell,2024-01-18 14:01:00,DB004,drill_bits,2,2086.035534086425,CUST_S07,,,50,2024-01
TXN00314,sell,2024-01-18 15:04:00,DB001,drill_bits,1,1057.4889335384303,CUST_S03,,,74,2024-01
TXN00319,sell,2024-01-19 11:41:00,DB002,drill_bits,2,1524.8630222530808,CUST_S16,,,78,2024-01
TXN00320,sell,2024-01-19 14:18:00,DC002,diamond_cutters,1,12452.063039805069,CUST_S12,,,96,2024-01
TXN00318,sell,2024-01-19 15:40:00,DB002,drill_bits,1,1574.790374970936,CUST_S06,,,77,2024-01
TXN00321,sell,2024-01-19 16:38:00,DB004,drill_bits,1,2069.1956649827835,CUST_S12,,,49,2024-01
TXN00322,sell,2024-01-20 09:03:00,DB001,drill_bits,2,1069.1996545269333,CUST_H01,,,72,2024-01
TXN00323,sell,2024-01-20 13:17:00,DC001,diamond_cutters,1,9234.475577622463,CUST_S15,,,113,2024-01
TXN00324,sell,2024-01-20 16:05:00,DB003,drill_bits,3,1783.6736144927554,CUST_H02,,,84,2024-01
TXN00327,sell,2024-01-21 15:05:00,DB001,drill_bits,3,1055.804917712561,CUST_S06,,,69,2024-01
TXN00326,sell,2024-01-21 15:40:00,DC001,diamond_cutters,1,9167.235751694212,CUST_S15,,,112,2024-01
TXN00328,sell,2024-01-21 15:53:00,DB001,drill_bits,3,1045.9179123348174,CUST_H01,,,66,2024-01
TXN00325,sell,2024-01-21 16:35:00,CC002,carbide_cutters,1,4018.963655877698,CUST_S11,,,118,2024-01
TXN00334,sell,2024-01-22 10:21:00,CC003,carbide_cutters,1,4711.297780236699,CUST_S05,,,144,2024-01
TXN00330,sell,2024-01-22 10:45:00,DB003,drill_bits,1,1849.4358082871554,CUST_S14,,,83,2024-01
TXN00333,sell,2024-01-22 11:49:00,DB002,drill_bits,2,1563.1566732119402,CUST_H02,,,75,2024-01
TXN00331,sell,2024-01-22 14:00:00,CC001,carbide_cutters,1,2678.5096223407995,CUST_S01,,,118,2024-01
TXN00329,sell,2024-01-22 14:32:00,CC001,carbide_cutters,2,2723.3215932254097,CUST_H01,,,116,2024-01
TXN00332,sell,2024-01-22 17:37:00,DC003,diamond_cutters,1,14403.255789854666,CUST_H01,,,120,2024-01
TXN00335,sell,2024-01-23 15:20:00,DB002,drill_bits,2,1572.9603975392276,CUST_H04,,,73,2024-01
TXN00337,sell,2024-01-24 12:15:00,DC001,diamond_cutters,1,8988.865645767079,CUST_H01,,,111,2024-01
TXN00336,sell,2024-01-24 14:14:00,DB001,drill_bits,1,1061.0441738131938,CUST_S15,,,65,2024-01
TXN00338,sell,2024-01-25 11:07:00,AC001,accessories,4,662.383096500849,CUST_H01,,,108,2024-01
TXN00339,sell,2024-01-25 17:23:00,DB004,drill_bits,2,2113.956414573521,CUST_H03,,,47,2024-01
TXN00340,sell,2024-01-26 17:36:00,DC003,diamond_cutters,1,14433.734627090444,CUST_S10,,,119,2024-01
TXN00341,sell,2024-01-27 10:03:00,AC001,accessories,2,647.3502361536353,CUST_H02,,,106,2024-01
TXN00343,sell,2024-01-27 10:07:00,DB001,drill_bits,2,1065.7209100725913,CUST_S01,,,63,2024-01
TXN00344,sell,2024-01-27 10:17:00,CC001,carbide_cutters,1,2708.631899890152,CUST_S01,,,115,2024-01
TXN00342,sell,2024-01-27 12:09:00,DB002,drill_bits,3,1555.2948092108522,CUST_S09,,,70,2024-01
TXN00345,sell,2024-01-27 14:16:00,CC003,carbide_cutters,1,4776.82606619064,CUST_S06,,,143,2024-01
TXN00348,sell,2024-01-28 09:03:00,DC001,diamond_cutters,1,9217.664792233363,CUST_H04,,,110,2024-01
TXN00346,sell,2024-01-28 13:13:00,DB003,drill_bits,1,1789.6205535442027,CUST_S11,,,82,2024-01
TXN00347,sell,2024-01-28 15:16:00,AC001,accessories,1,660.5749594426845,CUST_S07,,,105,2024-01
TXN00349,sell,2024-01-29 16:53:00,DC002,diamond_cutters,1,12388.344850365695,CUST_S03,,,95,2024-01
TXN00350,sell,2024-01-29 17:52:00,CC002,carbide_cutters,1,4045.432755834821,CUST_H02,,,117,2024-01
TXN00353,sell,2024-01-30 09:10:00,DB004,drill_bits,2,2040.4645734007952,CUST_S16,,,45,2024-01
TXN00351,sell,2024-01-30 09:53:00,DC002,diamond_cutters,1,12691.86336510389,CUST_S15,,,94,2024-01
TXN00352,sell,2024-01-30 17:39:00,DC001,diamond_cutters,1,9062.213186743265,CUST_S16,,,109,2024-01
TXN00354,sell,2024-01-31 11:00:00,DB004,drill_bits,1,2096.443831581846,CUST_S14,,,44,2024-01
TXN00355,sell,2024-01-31 15:04:00,DB002,drill_bits,2,1535.2442795393445,CUST_H04,,,68,2024-01
TXN00356,buy,2024-02-01 12:25:00,DB001,drill_bits,83,780.0395053062832,,SUPP06,11.0,146,2024-02
TXN00357,sell,2024-02-01 15:15:00,DB001,drill_bits,1,1034.6486233656883,CUST_S04,,,145,2024-02
TXN00358,sell,2024-02-02 11:00:00,CC002,carbide_cutters,1,4003.622042313794,CUST_S04,,,116,2024-02
TXN00359,sell,2024-02-02 13:15:00,CC003,carbide_cutters,1,4639.119606984103,CUST_S01,,,142,2024-02
TXN00360,sell,2024-02-03 11:57:00,DB003,drill_bits,1,1795.220375980533,CUST_S01,,,81,2024-02
TXN00361,sell,2024-02-05 15:14:00,DB002,drill_bits,1,1542.163574295998,CUST_S03,,,67,2024-02
TXN00362,sell,2024-02-06 15:09:00,DB004,drill_bits,1,2092.5456260475266,CUST_S07,,,43,2024-02
TXN00363,sell,2024-02-06 16:16:00,CC002,carbide_cutters,2,4128.219944936545,CUST_S02,,,114,2024-02
TXN00364,sell,2024-02-07 16:37:00,DB002,drill_bits,2,1574.880314369039,CUST_H03,,,65,2024-02
TXN00365,sell,2024-02-07 17:27:00,CC002,carbide_cutters,2,4090.8261447210725,CUST_H02,,,112,2024-02
TXN00367,sell,2024-02-08 09:40:00,DB002,drill_bits,3,1560.3582609613843,CUST_S03,,,62,2024-02
TXN00366,sell,2024-02-08 10:38:00,DC002,diamond_cutters,1,12727.834114930389,CUST_S07,,,93,2024-02
TXN00369,sell,2024-02-09 10:11:00,DB004,drill_bits,3,2080.875254349068,CUST_H01,,,40,2024-02
TXN00368,sell,2024-02-09 11:02:00,AC001,accessories,1,642.7753007257946,CUST_S06,,,104,2024-02
TXN00370,sell,2024-02-12 17:14:00,DB004,drill_bits,3,2074.757456118256,CUST_S12,,,37,2024-02
TXN00371,sell,2024-02-13 10:17:00,DB004,drill_bits,3,2106.878631783353,CUST_H04,,,34,2024-02
TXN00372,sell,2024-02-13 16:07:00,DB002,drill_bits,2,1521.318394443089,CUST_H04,,,60,2024-02
TXN00375,sell,2024-02-14 12:19:00,DB001,drill_bits,3,1062.6336747238483,CUST_S09,,,142,2024-02
TXN00373,sell,2024-02-14 13:34:00,DB002,drill_bits,1,1578.621930296859,CUST_S03,,,59,2024-02
TXN00374,sell,2024-02-14 14:39:00,CC003,carbide_cutters,1,4696.807985756331,CUST_S04,,,141,2024-02
TXN00376,sell,2024-02-15 14:50:00,AC001,accessories,3,652.7909370198682,CUST_S13,,,101,2024-02
TXN00377,sell,2024-02-17 15:06:00,CC001,carbide_cutters,1,2690.3886736833724,CUST_S01,,,114,2024-02
TXN00378,sell,2024-02-18 15:47:00,CC003,carbide_cutters,1,4797.48089114269,CUST_H03,,,140,2024-02
TXN00382,sell,2024-02-19 09:05:00,CC002,carbide_cutters,1,4003.330067221178,CUST_H04,,,111,2024-02
TXN00379,sell,2024-02-19 11:13:00,DB002,drill_bits,2,1561.41436447681,CUST_S11,,,57,2024-02
TXN00381,sell,2024-02-19 13:34:00,DB001,drill_bits,2,1061.273024813409,CUST_H02,,,140,2024-02
TXN00383,sell,2024-02-19 14:22:00,CC004,carbide_cutters,2,5417.990786924564,CUST_H02,,,139,2024-02
TXN00380,sell,2024-02-19 15:11:00,CC001,carbide_cutters,2,2678.4002480871504,CUST_H02,,,112,2024-02
TXN00384,sell,2024-02-20 14:26:00,DC002,diamond_cutters,1,12829.686051623597,CUST_H03,,,92,2024-02
TXN00386,sell,2024-02-20 14:34:00,DB001,drill_bits,1,1069.8858723794897,CUST_S14,,,139,2024-02
TXN00387,sell,2024-02-20 14:37:00,DB003,drill_bits,3,1790.3848248839079,CUST_H01,,,78,2024-02
TXN00385,sell,2024-02-20 15:47:00,DB002,drill_bits,1,1543.605404103144,CUST_S06,,,56,2024-02
TXN00388,sell,2024-02-20 16:17:00,CC004,carbide_cutters,1,5383.911268984153,CUST_H01,,,138,2024-02
TXN00391,sell,2024-02-21 13:31:00,CC002,carbide_cutters,1,4069.5139407037345,CUST_S01,,,110,2024-02
TXN00393,sell,2024-02-21 15:38:00,DB003,drill_bits,1,1835.1484914935784,CUST_S11,,,77,2024-02
TXN00392,sell,2024-02-21 16:59:00,DC003,diamond_cutters,1,14090.143943458641,CUST_S06,,,118,2024-02
TXN00390,sell,2024-02-21 17:01:00,DB002,drill_bits,1,1538.1726057003475,CUST_S04,,,55,2024-02
TXN00389,sell,2024-02-21 17:46:00,DC003,diamond_cutters,1,14204.233678719127,CUST_S12,,,117,2024-02
TXN00394,sell,2024-02-22 14:55:00,DC002,diamond_cutters,1,12641.205436574046,CUST_S09,,,91,2024-02
TXN00395,sell,2024-02-22 17:09:00,DC003,diamond_cutters,1,14421.432510378341,CUST_H02,,,116,2024-02
TXN00396,sell,2024-02-23 14:18:00,CC003,carbide_cutters,1,4751.496955634439,CUST_H02,,,139,2024-02
TXN00397,sell,2024-02-24 13:36:00,DB004,drill_bits,2,2051.586607794269,CUST_S03,,,32,2024-02
TXN00398,sell,2024-02-25 14:11:00,CC004,carbide_cutters,1,5385.277771459619,CUST_S16,,,137,2024-02
TXN00399,sell,2024-02-27 11:56:00,DB001,drill_bits,1,1060.4564195138341,CUST_S01,,,138,2024-02
TXN00400,sell,2024-02-27 12:39:00,DB002,drill_bits,2,1565.6887814595334,CUST_S07,,,53,2024-02
TXN00402,sell,2024-02-28 12:18:00,DC001,diamond_cutters,1,9170.865455611405,CUST_H02,,,108,2024-02
TXN00401,sell,2024-02-28 16:23:00,DC002,diamond_cutters,1,12694.20257814303,CUST_S05,,,90,2024-02
TXN00403,sell,2024-02-29 16:50:00,DB002,drill_bits,1,1568.8210612426174,CUST_S04,,,52,2024-02
TXN00405,sell,2024-03-02 10:09:00,DB001,drill_bits,2,1062.2336245092145,CUST_S11,,,136,2024-03
TXN00404,sell,2024-03-02 11:45:00,DB002,drill_bits,1,1525.5936195511285,CUST_S06,,,51,2024-03
TXN00406,sell,2024-03-02 13:06:00,AC001,accessories,2,643.991324911073,CUST_S12,,,99,2024-03
TXN00407,sell,2024-03-04 11:44:00,AC001,accessories,1,657.6022962469051,CUST_S02,,,98,2024-03
TXN00408,sell,2024-03-04 16:15:00,DC003,diamond_cutters,1,14488.578706975819,CUST_S04,,,115,2024-03
TXN00409,sell,2024-03-05 10:28:00,DB002,drill_bits,1,1521.3350778023284,CUST_S03,,,50,2024-03
TXN00410,sell,2024-03-06 11:13:00,DB004,drill_bits,1,2058.4627017330395,CUST_S15,,,31,2024-03
TXN00411,sell,2024-03-07 10:14:00,DB003,drill_bits,1,1799.1752867045877,CUST_S01,,,76,2024-03
TXN00413,sell,2024-03-08 09:33:00,DB001,drill_bits,2,1051.3979620325417,CUST_S03,,,134,2024-03
TXN00414,sell,2024-03-08 16:36:00,AC001,accessories,2,658.3962853152618,CUST_H01,,,96,2024-03
TXN00412,sell,2024-03-08 16:58:00,DB001,drill_bits,2,1057.7019992917756,CUST_S01,,,132,2024-03
TXN00415,sell,2024-03-09 17:27:00,DB004,drill_bits,3,2115.4681589895417,CUST_H04,,,28,2024-03
TXN00416,sell,2024-03-10 14:47:00,DC001,diamond_cutters,1,9246.530219510005,CUST_H03,,,107,2024-03
TXN00417,sell,2024-03-10 15:39:00,CC001,carbide_cutters,1,2716.2598320246393,CUST_S08,,,111,2024-03
TXN00421,sell,2024-03-12 09:59:00,DB001,drill_bits,1,1064.1165806551628,CUST_S07,,,131,2024-03
TXN00418,sell,2024-03-12 11:21:00,AC001,accessories,1,653.2208448693218,CUST_S10,,,95,2024-03
TXN00419,sell,2024-03-12 11:49:00,DC001,diamond_cutters,1,8933.282898020869,CUST_S02,,,106,2024-03
TXN00423,sell,2024-03-12 12:16:00,DB002,drill_bits,1,1534.3614203759798,CUST_S12,,,49,2024-03
TXN00424,sell,2024-03-12 14:48:00,DB003,drill_bits,2,1837.4783478164286,CUST_S09,,,74,2024-03
TXN00422,sell,2024-03-12 16:21:00,DB001,drill_bits,1,1061.272503689866,CUST_S07,,,130,2024-03
TXN00420,sell,2024-03-12 16:47:00,DB004,drill_bits,1,2046.7995042365098,CUST_S03,,,27,2024-03
TXN00425,sell,2024-03-13 10:17:00,CC003,carbide_cutters,1,4715.849733005327,CUST_H04,,,138,2024-03
TXN00426,sell,2024-03-14 09:10:00,CC002,carbide_cutters,2,4076.8736413511247,CUST_S05,,,108,2024-03
TXN00427,sell,2024-03-14 10:03:00,DB001,drill_bits,3,1037.7908311224205,CUST_S11,,,127,2024-03
TXN00428,sell,2024-03-14 15:40:00,CC003,carbide_cutters,1,4675.839200052643,CUST_S11,,,137,2024-03
TXN00429,sell,2024-03-14 16:31:00,DC003,diamond_cutters,1,14526.259111451147,CUST_S09,,,114,2024-03
TXN00430,sell,2024-03-15 16:20:00,CC004,carbide_cutters,1,5393.911609698599,CUST_S10,,,136,2024-03
TXN00431,buy,2024-03-16 12:54:00,DB002,drill_bits,118,1232.4205340494123,,SUPP01,16.0,167,2024-03
TXN00435,sell,2024-03-16 14:25:00,DC001,diamond_cutters,1,9163.69936877222,CUST_S16,,,105,2024-03
TXN00434,sell,2024-03-16 15:29:00,CC003,carbide_cutters,2,4678.739942622259,CUST_H03,,,135,2024-03
TXN00432,sell,2024-03-16 16:07:00,CC004,carbide_cutters,2,5486.635874541862,CUST_S06,,,134,2024-03
TXN00433,sell,2024-03-16 16:12:00,DB004,drill_bits,2,2105.403001175071,CUST_S11,,,25,2024-03
TXN00437,sell,2024-03-17 11:30:00,DC003,diamond_cutters,1,14021.426580041423,CUST_S13,,,113,2024-03
TXN00436,sell,2024-03-17 13:14:00,AC001,accessories,1,644.3127270257179,CUST_S13,,,94,2024-03
TXN00438,sell,2024-03-17 17:04:00,DC003,diamond_cutters,1,14086.956397235605,CUST_H04,,,112,2024-03
TXN00440,sell,2024-03-18 09:17:00,DB002,drill_bits,1,1565.9058102168513,CUST_S15,,,166,2024-03
TXN00441,sell,2024-03-18 10:07:00,DB001,drill_bits,1,1054.507758740793,CUST_S04,,,126,2024-03
TXN00442,sell,2024-03-18 12:45:00,DB004,drill_bits,2,2118.1455350241768,CUST_S11,,,23,2024-03
TXN00439,sell,2024-03-18 17:16:00,AC001,accessories,1,659.868771004917,CUST_S01,,,93,2024-03
TXN00444,sell,2024-03-19 09:06:00,DC001,diamond_cutters,1,9097.845033096903,CUST_S11,,,104,2024-03
TXN00443,sell,2024-03-19 09:11:00,CC003,carbide_cutters,1,4717.697560734476,CUST_S12,,,134,2024-03
TXN00445,sell,2024-03-20 10:26:00,CC003,carbide_cutters,1,4722.967691117575,CUST_S07,,,133,2024-03
TXN00446,sell,2024-03-20 14:49:00,DB002,drill_bits,1,1521.5610088499513,CUST_S06,,,165,2024-03
TXN00447,sell,2024-03-20 16:52:00,DB003,drill_bits,1,1821.868033331036,CUST_S03,,,73,2024-03
TXN00448,sell,2024-03-21 09:40:00,AC001,accessories,1,641.6586936252647,CUST_S16,,,92,2024-03
TXN00450,sell,2024-03-21 11:35:00,DB003,drill_bits,1,1846.2369102791329,CUST_S03,,,72,2024-03
TXN00449,sell,2024-03-21 12:54:00,DB002,drill_bits,1,1538.0976345650572,CUST_S11,,,164,2024-03
TXN00451,sell,2024-03-23 14:32:00,DB004,drill_bits,2,2121.433632315704,CUST_S12,,,21,2024-03
TXN00452,sell,2024-03-23 17:14:00,DC002,diamond_cutters,1,12784.367839688264,CUST_S02,,,89,2024-03
TXN00453,sell,2024-03-24 09:11:00,DB002,drill_bits,3,1531.4496061389614,CUST_S05,,,161,2024-03
TXN00455,sell,2024-03-24 11:28:00,AC001,accessories,1,660.1899320510491,CUST_S11,,,91,2024-03
TXN00454,sell,2024-03-24 14:03:00,DB002,drill_bits,3,1577.7997424855814,CUST_H03,,,158,2024-03
TXN00457,sell,2024-03-25 11:38:00,DB004,drill_bits,2,2040.7228865076947,CUST_H02,,,19,2024-03
TXN00456,sell,2024-03-25 16:22:00,DB003,drill_bits,2,1830.1018189240633,CUST_S16,,,70,2024-03
TXN00458,sell,2024-03-26 12:48:00,AC001,accessories,1,645.6156278203781,CUST_S05,,,90,2024-03
TXN00459,sell,2024-03-26 14:50:00,DB002,drill_bits,1,1563.0426621622244,CUST_S12,,,157,2024-03
TXN00460,sell,2024-03-27 14:06:00,DC001,diamond_cutters,1,9006.403270103692,CUST_H04,,,103,2024-03
TXN00461,sell,2024-03-28 14:32:00,CC001,carbide_cutters,1,2707.727011496916,CUST_S10,,,110,2024-03
TXN00462,sell,2024-03-28 17:26:00,CC003,carbide_cutters,1,4753.947896119124,CUST_S13,,,132,2024-03
TXN00465,sell,2024-03-29 10:55:00,CC003,carbide_cutters,1,4729.13995934685,CUST_S10,,,131,2024-03
TXN00466,sell,2024-03-29 15:02:00,CC003,carbide_cutters,1,4675.631101780957,CUST_H04,,,130,2024-03
TXN00464,sell,2024-03-29 15:20:00,DB003,drill_bits,2,1788.9516339605955,CUST_S16,,,68,2024-03
TXN00463,sell,2024-03-29 17:00:00,DB002,drill_bits,4,1528.4453249943242,CUST_H03,,,153,2024-03
TXN00470,sell,2024-03-30 10:37:00,AC001,accessories,1,659.7245718044707,CUST_S16,,,89,2024-03
TXN00468,sell,2024-03-30 13:28:00,DC003,diamond_cutters,1,14204.621129788982,CUST_S04,,,111,2024-03
TXN00469,sell,2024-03-30 13:40:00,CC002,carbide_cutters,1,4074.0764871475712,CUST_S01,,,107,2024-03
TXN00467,sell,2024-03-30 14:29:00,DB002,drill_bits,2,1560.9529730027994,CUST_S14,,,151,2024-03
TXN00471,sell,2024-04-01 12:53:00,DB004,drill_bits,1,2098.1941403150336,CUST_S11,,,18,2024-04
TXN00472,sell,2024-04-03 12:32:00,CC002,carbide_cutters,1,4003.979031190573,CUST_S15,,,106,2024-04
TXN00474,sell,2024-04-05 10:30:00,DB003,drill_bits,1,1797.2453521723671,CUST_S02,,,67,2024-04
TXN00475,sell,2024-04-05 16:33:00,DB001,drill_bits,1,1068.705419389175,CUST_S04,,,125,2024-04
TXN00473,sell,2024-04-05 16:45:00,DB004,drill_bits,4,2052.781027208344,CUST_H01,,,14,2024-04
TXN00476,sell,2024-04-06 11:31:00,DC003,diamond_cutters,1,14455.721214819941,CUST_S13,,,110,2024-04
TXN00477,sell,2024-04-08 10:41:00,DB004,drill_bits,3,2100.348820780542,CUST_S04,,,11,2024-04
TXN00478,sell,2024-04-08 12:41:00,DB003,drill_bits,2,1838.01337760572,CUST_S04,,,65,2024-04
TXN00480,sell,2024-04-08 13:44:00,DB002,drill_bits,1,1532.6371499775319,CUST_S03,,,150,2024-04
TXN00479,sell,2024-04-08 17:46:00,DB004,drill_bits,2,2100.4880586337586,CUST_S12,,,9,2024-04
TXN00481,sell,2024-04-09 12:17:00,DB002,drill_bits,2,1534.5428737458506,CUST_S04,,,148,2024-04
TXN00483,sell,2024-04-09 14:54:00,DB001,drill_bits,2,1050.3186555186667,CUST_S07,,,123,2024-04
TXN00482,sell,2024-04-09 15:01:00,CC004,carbide_cutters,1,5322.560272222631,CUST_S04,,,133,2024-04
TXN00484,sell,2024-04-12 09:46:00,DB001,drill_bits,2,1069.9116542095542,CUST_S09,,,121,2024-04
TXN00485,sell,2024-04-12 13:08:00,DB002,drill_bits,1,1541.4091908433493,CUST_S02,,,147,2024-04
TXN00486,sell,2024-04-13 10:30:00,DC002,diamond_cutters,1,12541.59252363062,CUST_S12,,,88,2024-04
TXN00487,sell,2024-04-14 10:31:00,DB003,drill_bits,1,1855.5498794103307,CUST_S11,,,64,2024-04
TXN00488,sell,2024-04-15 12:18:00,DC003,diamond_cutters,1,14399.532733204678,CUST_S05,,,109,2024-04
TXN00490,sell,2024-04-16 14:09:00,DB002,drill_bits,2,1558.2015548935412,CUST_H01,,,145,2024-04
TXN00489,sell,2024-04-16 16:48:00,DC002,diamond_cutters,1,12391.732344450533,CUST_H01,,,87,2024-04
TXN00491,sell,2024-04-17 14:59:00,DB001,drill_bits,1,1034.231017832192,CUST_S16,,,120,2024-04
TXN00492,sell,2024-04-18 12:10:00,CC001,carbide_cutters,1,2655.1469119509716,CUST_S10,,,109,2024-04
TXN00493,sell,2024-04-19 12:45:00,DB003,drill_bits,1,1788.864017485277,CUST_S03,,,63,2024-04
TXN00496,sell,2024-04-21 10:00:00,DC002,diamond_cutters,1,12824.02747266349,CUST_H03,,,86,2024-04
TXN00494,sell,2024-04-21 10:45:00,DB001,drill_bits,2,1029.051753488162,CUST_S13,,,118,2024-04
TXN00495,sell,2024-04-21 13:04:00,CC004,carbide_cutters,2,5459.121032606176,CUST_S14,,,131,2024-04
TXN00497,sell,2024-04-22 13:17:00,DB003,drill_bits,2,1783.733812437667,CUST_H02,,,61,2024-04
TXN00499,sell,2024-04-23 14:52:00,DB003,drill_bits,2,1808.5347243164142,CUST_S08,,,59,2024-04
TXN00498,sell,2024-04-23 16:22:00,CC001,carbide_cutters,1,2656.832522747968,CUST_S07,,,108,2024-04
TXN00501,sell,2024-04-24 16:36:00,CC003,carbide_cutters,1,4804.927995749597,CUST_H04,,,129,2024-04
TXN00500,sell,2024-04-24 16:56:00,DB002,drill_bits,1,1524.4997735357185,CUST_S11,,,144,2024-04
TXN00502,sell,2024-04-25 13:54:00,AC001,accessories,3,659.8387257172112,CUST_S14,,,86,2024-04
TXN00503,sell,2024-04-26 15:15:00,CC003,carbide_cutters,2,4805.2142549922155,CUST_H02,,,127,2024-04
TXN00505,sell,2024-04-27 12:06:00,AC001,accessories,1,644.8396738784285,CUST_S02,,,85,2024-04
TXN00504,sell,2024-04-27 12:32:00,DB004,drill_bits,1,2074.1493089228616,CUST_S15,,,8,2024-04
TXN00506,sell,2024-04-28 15:40:00,DB004,drill_bits,2,2105.5810986507277,CUST_S03,,,6,2024-04
TXN00508,sell,2024-04-29 12:24:00,DC001,diamond_cutters,1,9260.9989428484,CUST_S07,,,102,2024-04
TXN00509,sell,2024-04-29 13:20:00,CC004,carbide_cutters,2,5385.918150663813,CUST_H02,,,129,2024-04
TXN00507,sell,2024-04-29 14:28:00,CC004,carbide_cutters,2,5330.369845584689,CUST_S11,,,127,2024-04
TXN00510,sell,2024-04-30 14:46:00,AC001,accessories,4,638.0833690832837,CUST_H03,,,81,2024-04
TXN00512,sell,2024-05-01 09:24:00,DB003,drill_bits,2,1822.0930634236151,CUST_S15,,,57,2024-05
TXN00513,sell,2024-05-01 13:30:00,AC001,accessories,1,640.4623884590741,CUST_S05,,,80,2024-05
TXN00511,sell,2024-05-01 17:55:00,DB003,drill_bits,1,1813.2366732107837,CUST_S07,,,56,2024-05
TXN00514,sell,2024-05-02 15:01:00,CC004,carbide_cutters,1,5296.488641960099,CUST_S09,,,126,2024-05
TXN00515,sell,2024-05-02 15:27:00,DB002,drill_bits,4,1569.3950221302703,CUST_H01,,,140,2024-05
TXN00516,sell,2024-05-03 10:02:00,DB002,drill_bits,3,1575.4395807499154,CUST_H01,,,137,2024-05
TXN00517,sell,2024-05-05 11:28:00,DB003,drill_bits,2,1816.8961108870028,CUST_H01,,,54,2024-05
TXN00518,sell,2024-05-06 13:06:00,DB002,drill_bits,2,1539.2721036518374,CUST_S04,,,135,2024-05
TXN00519,sell,2024-05-07 09:03:00,DB003,drill_bits,2,1808.2983135898573,CUST_H01,,,52,2024-05
TXN00522,sell,2024-05-07 09:24:00,DC001,diamond_cutters,1,9010.624890320716,CUST_S10,,,101,2024-05
TXN00523,sell,2024-05-07 10:52:00,DB003,drill_bits,1,1787.6220034599346,CUST_S06,,,51,2024-05
TXN00521,sell,2024-05-07 15:29:00,DC002,diamond_cutters,1,12694.188908715692,CUST_H02,,,85,2024-05
TXN00520,sell,2024-05-07 17:12:00,DB003,drill_bits,1,1831.0495759590412,CUST_S06,,,50,2024-05
TXN00524,sell,2024-05-08 11:28:00,DC001,diamond_cutters,1,9224.29432736277,CUST_H02,,,100,2024-05
TXN00525,sell,2024-05-09 12:23:00,DC002,diamond_cutters,1,12760.312567397987,CUST_S05,,,84,2024-05
TXN00528,sell,2024-05-10 14:47:00,DB002,drill_bits,2,1538.1174260783316,CUST_S01,,,133,2024-05
TXN00526,sell,2024-05-10 15:38:00,DB001,drill_bits,2,1038.7750486192247,CUST_S08,,,116,2024-05
TXN00527,sell,2024-05-10 17:50:00,AC001,accessories,1,662.4392070679478,CUST_S06,,,79,2024-05
TXN00529,sell,2024-05-11 12:18:00,DB003,drill_bits,1,1799.265802708836,CUST_S10,,,49,2024-05
TXN00530,sell,2024-05-11 14:04:00,CC004,carbide_cutters,1,5351.277935960609,CUST_H03,,,125,2024-05
TXN00531,sell,2024-05-12 12:53:00,DB001,drill_bits,3,1041.8195487195405,CUST_S10,,,113,2024-05
TXN00532,sell,2024-05-13 15:43:00,DC002,diamond_cutters,1,12541.735556873797,CUST_H04,,,83,2024-05
TXN00533,buy,2024-05-14 12:59:00,AC001,accessories,109,386.9602362506094,,SUPP04,14.0,188,2024-05
TXN00534,sell,2024-05-14 13:56:00,DC003,diamond_cutters,1,14146.724386440728,CUST_S07,,,108,2024-05
TXN00537,sell,2024-05-15 11:07:00,DC003,diamond_cutters,1,14083.655759181302,CUST_S07,,,107,2024-05
TXN00535,buy,2024-05-15 12:18:00,DB004,drill_bits,104,1544.8857593670289,,SUPP02,18.0,110,2024-05
TXN00536,sell,2024-05-15 13:08:00,DB002,drill_bits,2,1563.1446845720022,CUST_H04,,,131,2024-05
TXN00539,sell,2024-05-16 10:45:00,CC003,carbide_cutters,1,4766.233279587336,CUST_S02,,,126,2024-05
TXN00540,sell,2024-05-16 11:22:00,AC001,accessories,1,662.9845208107474,CUST_S13,,,187,2024-05
TXN00538,sell,2024-05-16 16:58:00,DB002,drill_bits,1,1520.274193136077,CUST_S03,,,130,2024-05
TXN00541,sell,2024-05-18 14:48:00,DB001,drill_bits,1,1064.8992353765607,CUST_S10,,,112,2024-05
TXN00542,sell,2024-05-18 17:07:00,CC004,carbide_cutters,1,5388.104979450338,CUST_S01,,,124,2024-05
TXN00545,sell,2024-05-19 09:05:00,DC003,diamond_cutters,1,14126.38748417667,CUST_H03,,,106,2024-05
TXN00546,sell,2024-05-19 16:26:00,DC002,diamond_cutters,1,12711.817861923646,CUST_S15,,,82,2024-05
TXN00543,sell,2024-05-19 16:26:00,DB003,drill_bits,2,1814.872663779634,CUST_H02,,,47,2024-05
TXN00544,sell,2024-05-19 17:52:00,DC003,diamond_cutters,1,14394.051814793034,CUST_H04,,,105,2024-05
TXN00547,sell,2024-05-20 12:02:00,DB003,drill_bits,2,1826.0129534822283,CUST_H02,,,45,2024-05
TXN00548,sell,2024-05-20 13:10:00,DB001,drill_bits,1,1061.5355522007642,CUST_S06,,,111,2024-05
TXN00549,sell,2024-05-21 11:08:00,DB003,drill_bits,3,1850.304204580797,CUST_S02,,,42,2024-05
TXN00550,sell,2024-05-21 11:41:00,CC004,carbide_cutters,1,5486.677768920547,CUST_S08,,,123,2024-05
TXN00551,sell,2024-05-21 13:15:00,DB002,drill_bits,2,1536.5068684183548,CUST_S10,,,128,2024-05
TXN00554,sell,2024-05-22 09:58:00,DB003,drill_bits,2,1799.5801255918186,CUST_H02,,,40,2024-05
TXN00553,sell,2024-05-22 13:35:00,DB001,drill_bits,2,1041.1000177608628,CUST_H04,,,109,2024-05
TXN00552,sell,2024-05-22 15:30:00,DB004,drill_bits,2,2099.999240826784,CUST_S02,,,108,2024-05
TXN00555,sell,2024-05-22 16:29:00,DB004,drill_bits,1,2049.4850021640846,CUST_S09,,,107,2024-05
TXN00556,sell,2024-05-25 09:13:00,CC003,carbide_cutters,1,4662.649015745035,CUST_H02,,,125,2024-05
TXN00557,sell,2024-05-26 12:42:00,DB001,drill_bits,2,1066.2431279569882,CUST_H04,,,107,2024-05
TXN00558,sell,2024-05-26 15:02:00,CC003,carbide_cutters,2,4781.386706585638,CUST_S01,,,123,2024-05
TXN00559,sell,2024-05-26 16:14:00,AC001,accessories,1,644.8592388868271,CUST_S03,,,186,2024-05
TXN00560,sell,2024-05-27 16:57:00,AC001,accessories,3,659.0352725848737,CUST_H04,,,183,2024-05
TXN00562,sell,2024-05-28 13:28:00,CC004,carbide_cutters,1,5438.308280395085,CUST_S14,,,122,2024-05
TXN00561,sell,2024-05-28 15:01:00,DB003,drill_bits,2,1786.3726034872202,CUST_H03,,,38,2024-05
TXN00563,sell,2024-05-28 16:55:00,DB002,drill_bits,2,1531.8666203879466,CUST_S06,,,126,2024-05
TXN00564,sell,2024-05-29 11:52:00,CC001,carbide_cutters,2,2728.002826313396,CUST_S16,,,106,2024-05
TXN00565,sell,2024-05-30 17:16:00,CC003,carbide_cutters,2,4668.184726284516,CUST_S10,,,121,2024-05
TXN00566,sell,2024-06-01 13:11:00,DB001,drill_bits,3,1034.0667036775344,CUST_S04,,,104,2024-06
TXN00567,sell,2024-06-01 14:36:00,CC004,carbide_cutters,1,5404.2458991152025,CUST_S05,,,121,2024-06
TXN00569,sell,2024-06-02 10:43:00,CC002,carbide_cutters,1,4092.386419899662,CUST_S10,,,105,2024-06
TXN00568,sell,2024-06-02 13:00:00,DB004,drill_bits,1,2076.6477930760425,CUST_S03,,,106,2024-06
TXN00571,sell,2024-06-03 12:00:00,CC004,carbide_cutters,1,5295.533613169071,CUST_S15,,,120,2024-06
TXN00570,sell,2024-06-03 12:34:00,DB003,drill_bits,2,1834.1647049465264,CUST_S15,,,36,2024-06
TXN00572,sell,2024-06-03 17:33:00,DB004,drill_bits,2,2044.9689997755274,CUST_S10,,,104,2024-06
TXN00573,sell,2024-06-04 17:15:00,DB004,drill_bits,1,2045.848723355887,CUST_S03,,,103,2024-06
TXN00574,sell,2024-06-06 16:56:00,CC001,carbide_cutters,1,2710.425114469801,CUST_H04,,,105,2024-06
TXN00576,sell,2024-06-07 14:38:00,CC003,carbide_cutters,1,4791.626660915205,CUST_S03,,,120,2024-06
TXN00575,sell,2024-06-07 17:23:00,CC003,carbide_cutters,1,4796.907614147226,CUST_H01,,,119,2024-06
TXN00578,sell,2024-06-08 11:43:00,CC003,carbide_cutters,1,4809.7383329238655,CUST_H03,,,118,2024-06
TXN00577,sell,2024-06-08 16:19:00,AC001,accessories,1,641.7582638688776,CUST_S13,,,182,2024-06
TXN00581,sell,2024-06-11 09:11:00,DB001,drill_bits,1,1067.6666350676835,CUST_S16,,,103,2024-06
TXN00579,sell,2024-06-11 09:29:00,DC001,diamond_cutters,1,9095.912580690574,CUST_S08,,,99,2024-06
TXN00582,sell,2024-06-11 11:53:00,DC001,diamond_cutters,1,9144.985155262724,CUST_S06,,,98,2024-06
TXN00580,sell,2024-06-11 12:17:00,DB004,drill_bits,1,2062.3908032572094,CUST_S15,,,102,2024-06
TXN00585,sell,2024-06-12 09:19:00,DC003,diamond_cutters,1,14051.451675145649,CUST_S14,,,104,2024-06
TXN00583,sell,2024-06-12 09:35:00,CC001,carbide_cutters,1,2646.555548428233,CUST_S11,,,104,2024-06
TXN00586,sell,2024-06-12 15:02:00,DB004,drill_bits,3,2069.042716419353,CUST_S15,,,99,2024-06
TXN00587,sell,2024-06-12 16:39:00,CC003,carbide_cutters,2,4761.826518719343,CUST_S12,,,116,2024-06
TXN00584,sell,2024-06-12 16:47:00,AC001,accessories,1,647.787409354296,CUST_S14,,,181,2024-06
TXN00588,sell,2024-06-13 09:49:00,DB003,drill_bits,1,1796.0507977469172,CUST_S01,,,35,2024-06
TXN00589,sell,2024-06-14 11:03:00,DC003,diamond_cutters,1,14085.130845743684,CUST_S06,,,103,2024-06
TXN00590,sell,2024-06-14 13:58:00,DB002,drill_bits,1,1528.9678644570843,CUST_S09,,,125,2024-06
TXN00591,sell,2024-06-14 16:13:00,DB002,drill_bits,3,1535.490335003467,CUST_H03,,,122,2024-06
TXN00592,sell,2024-06-15 11:38:00,DB003,drill_bits,1,1801.0250619861995,CUST_S07,,,34,2024-06
TXN00593,sell,2024-06-16 14:51:00,CC004,carbide_cutters,2,5399.781942165686,CUST_H02,,,118,2024-06
TXN00594,sell,2024-06-18 13:55:00,AC001,accessories,2,655.5495394805911,CUST_H02,,,179,2024-06
TXN00595,sell,2024-06-19 14:21:00,CC003,carbide_cutters,2,4750.567480634566,CUST_S06,,,114,2024-06
TXN00596,sell,2024-06-19 16:06:00,AC001,accessories,1,637.2404050133495,CUST_S01,,,178,2024-06
TXN00597,sell,2024-06-20 17:37:00,DB001,drill_bits,1,1044.3914264682692,CUST_S06,,,102,2024-06
TXN00598,sell,2024-06-21 15:09:00,DB002,drill_bits,2,1539.9578385295952,CUST_H01,,,120,2024-06
TXN00599,sell,2024-06-23 16:12:00,DB004,drill_bits,1,2082.082365165887,CUST_S06,,,98,2024-06
TXN00600,sell,2024-06-24 11:29:00,DB004,drill_bits,1,2068.9638813443644,CUST_S14,,,97,2024-06
TXN00601,sell,2024-06-24 14:06:00,DB002,drill_bits,2,1527.4756772377473,CUST_S01,,,118,2024-06
TXN00602,sell,2024-06-24 14:08:00,DC003,diamond_cutters,1,14245.319542178513,CUST_H03,,,102,2024-06
TXN00603,sell,2024-06-25 16:02:00,AC001,accessories,2,641.3614827901632,CUST_S04,,,176,2024-06
TXN00605,sell,2024-06-26 10:44:00,DB001,drill_bits,4,1043.733081064494,CUST_H02,,,98,2024-06
TXN00607,sell,2024-06-26 14:32:00,CC004,carbide_cutters,1,5308.482092624737,CUST_H02,,,117,2024-06
TXN00606,sell,2024-06-26 14:41:00,DC003,diamond_cutters,1,14371.321440746227,CUST_H03,,,101,2024-06
TXN00604,sell,2024-06-26 16:56:00,DC001,diamond_cutters,1,9050.208364027658,CUST_S13,,,97,2024-06
TXN00608,sell,2024-06-27 09:15:00,DB004,drill_bits,1,2108.5083699815214,CUST_S06,,,96,2024-06
TXN00609,sell,2024-06-27 10:07:00,DB002,drill_bits,3,1533.0415034231671,CUST_H02,,,115,2024-06
TXN00610,sell,2024-06-28 09:01:00,CC001,carbide_cutters,1,2665.403256843695,CUST_S05,,,103,2024-06
TXN00612,sell,2024-06-28 13:26:00,DC002,diamond_cutters,1,12552.500050980758,CUST_H04,,,81,2024-06
TXN00611,sell,2024-06-28 13:57:00,DB002,drill_bits,2,1546.6400342964398,CUST_S12,,,113,2024-06
TXN00613,sell,2024-06-29 11:41:00,AC001,accessories,1,651.6417601922997,CUST_S07,,,175,2024-06
TXN00614,sell,2024-06-30 12:38:00,CC004,carbide_cutters,1,5494.163862158107,CUST_S03,,,116,2024-06
TXN00615,sell,2024-07-02 10:24:00,DC003,diamond_cutters,1,14580.900527295842,CUST_S03,,,100,2024-07
TXN00617,sell,2024-07-02 12:11:00,DC001,diamond_cutters,1,9265.277458672716,CUST_H02,,,96,2024-07
TXN00618,sell,2024-07-02 13:16:00,DC002,diamond_cutters,1,12793.045134568034,CUST_H02,,,80,2024-07
TXN00619,sell,2024-07-02 14:09:00,AC001,accessories,2,660.8964704820628,CUST_S01,,,173,2024-07
TXN00616,sell,2024-07-02 14:57:00,CC003,carbide_cutters,2,4797.635052242399,CUST_H03,,,112,2024-07
TXN00622,sell,2024-07-03 12:37:00,DB004,drill_bits,2,2107.525995696036,CUST_S05,,,94,2024-07
TXN00621,sell,2024-07-03 12:53:00,DB002,drill_bits,2,1539.5140988946546,CUST_S10,,,111,2024-07
TXN00620,sell,2024-07-03 17:01:00,DB004,drill_bits,1,2082.2929546801633,CUST_S12,,,93,2024-07
TXN00624,sell,2024-07-04 13:25:00,DB004,drill_bits,1,2046.8676432475124,CUST_S05,,,92,2024-07
TXN00623,sell,2024-07-04 14:15:00,DB002,drill_bits,1,1530.4391613262655,CUST_S15,,,110,2024-07
TXN00625,sell,2024-07-05 14:06:00,DB002,drill_bits,2,1543.0695602273638,CUST_S12,,,108,2024-07
TXN00626,sell,2024-07-05 15:28:00,DB001,drill_bits,1,1032.191130567398,CUST_S06,,,97,2024-07
TXN00631,sell,2024-07-07 09:45:00,DC002,diamond_cutters,1,12524.378888225607,CUST_S11,,,79,2024-07
TXN00630,sell,2024-07-07 14:38:00,CC001,carbide_cutters,2,2650.7816249477582,CUST_S03,,,101,2024-07
TXN00629,sell,2024-07-07 15:07:00,DB004,drill_bits,1,2089.312632275602,CUST_S09,,,91,2024-07
TXN00627,sell,2024-07-07 15:13:00,CC003,carbide_cutters,1,4783.188504926921,CUST_S04,,,111,2024-07
TXN00628,sell,2024-07-07 16:34:00,AC001,accessories,1,656.4173694540473,CUST_S08,,,172,2024-07
TXN00633,sell,2024-07-08 11:24:00,DB002,drill_bits,3,1554.283221205002,CUST_S02,,,105,2024-07
TXN00634,sell,2024-07-08 14:16:00,AC001,accessories,3,648.50719114224,CUST_H02,,,169,2024-07
TXN00632,sell,2024-07-08 14:40:00,AC001,accessories,1,661.8022354703742,CUST_S15,,,168,2024-07
TXN00638,sell,2024-07-09 09:04:00,DB003,drill_bits,2,1797.4291401408568,CUST_H03,,,32,2024-07
TXN00639,sell,2024-07-09 11:28:00,DB002,drill_bits,3,1533.8461546545461,CUST_H03,,,102,2024-07
TXN00636,sell,2024-07-09 12:34:00,DB001,drill_bits,2,1038.156420244567,CUST_H01,,,95,2024-07
TXN00641,sell,2024-07-09 13:05:00,CC001,carbide_cutters,1,2693.9592081629335,CUST_S05,,,100,2024-07
TXN00635,sell,2024-07-09 13:40:00,DB003,drill_bits,3,1835.5484090132381,CUST_S07,,,29,2024-07
TXN00637,sell,2024-07-09 15:15:00,DC002,diamond_cutters,1,12360.966766291242,CUST_H03,,,78,2024-07
TXN00640,sell,2024-07-09 16:49:00,DC003,diamond_cutters,1,14452.407026137033,CUST_H03,,,99,2024-07
TXN00642,sell,2024-07-09 17:42:00,DB004,drill_bits,1,2095.416901339479,CUST_S14,,,90,2024-07
TXN00643,sell,2024-07-10 09:20:00,DC001,diamond_cutters,1,9093.62758385722,CUST_S14,,,95,2024-07
TXN00644,sell,2024-07-10 14:21:00,CC003,carbide_cutters,1,4778.12052177988,CUST_H04,,,110,2024-07
TXN00645,sell,2024-07-12 16:06:00,DB004,drill_bits,2,2102.0708465719,CUST_S12,,,88,2024-07
TXN00647,sell,2024-07-13 11:43:00,DB003,drill_bits,1,1848.120494463502,CUST_S01,,,28,2024-07
TXN00646,sell,2024-07-13 12:19:00,DB003,drill_bits,2,1835.4434157490816,CUST_S10,,,26,2024-07
TXN00648,sell,2024-07-14 09:31:00,DB002,drill_bits,1,1519.2398115863725,CUST_S01,,,101,2024-07
TXN00649,sell,2024-07-14 10:55:00,CC003,carbide_cutters,1,4699.903250253852,CUST_H01,,,109,2024-07
TXN00650,sell,2024-07-14 15:24:00,CC004,carbide_cutters,1,5391.078475228336,CUST_S05,,,115,2024-07
TXN00651,sell,2024-07-15 09:09:00,DB003,drill_bits,2,1827.5142380165137,CUST_S04,,,24,2024-07
TXN00652,sell,2024-07-15 11:33:00,DB004,drill_bits,2,2058.852049485576,CUST_H01,,,86,2024-07
TXN00653,sell,2024-07-16 16:26:00,CC001,carbide_cutters,1,2698.6653944430973,CUST_H02,,,99,2024-07
TXN00656,sell,2024-07-18 12:08:00,CC003,carbide_cutters,2,4721.111912628673,CUST_S02,,,107,2024-07
TXN00654,sell,2024-07-18 14:14:00,CC001,carbide_cutters,2,2695.429213754011,CUST_S16,,,97,2024-07
TXN00655,sell,2024-07-18 17:47:00,DB001,drill_bits,1,1052.4521653857953,CUST_S12,,,94,2024-07
TXN00658,sell,2024-07-19 14:44:00,DB004,drill_bits,1,2107.8101556350307,CUST_S06,,,85,2024-07
TXN00657,sell,2024-07-19 17:21:00,DB003,drill_bits,4,1800.232812374064,CUST_H02,,,20,2024-07
TXN00660,sell,2024-07-20 09:00:00,DB002,drill_bits,3,1561.3224779187215,CUST_S13,,,98,2024-07
TXN00659,sell,2024-07-20 09:57:00,DB004,drill_bits,1,2071.267875221673,CUST_S13,,,84,2024-07
TXN00661,sell,2024-07-20 14:41:00,DB002,drill_bits,1,1527.2444749338033,CUST_S13,,,97,2024-07
TXN00662,sell,2024-07-21 11:48:00,AC001,accessories,1,661.077807581925,CUST_S13,,,167,2024-07
TXN00664,sell,2024-07-22 11:27:00,AC001,accessories,2,646.0490868098459,CUST_S13,,,165,2024-07
TXN00663,sell,2024-07-22 15:38:00,DB003,drill_bits,2,1846.4647557404055,CUST_H03,,,18,2024-07
TXN00666,sell,2024-07-23 13:36:00,CC001,carbide_cutters,1,2724.887204133966,CUST_S10,,,96,2024-07
TXN00665,sell,2024-07-23 14:57:00,DC002,diamond_cutters,1,12384.506829007227,CUST_S11,,,77,2024-07
TXN00668,sell,2024-07-24 13:25:00,AC001,accessories,2,658.0733603076409,CUST_H03,,,163,2024-07
TXN00667,sell,2024-07-24 14:55:00,CC002,carbide_cutters,1,4071.5019557048945,CUST_H02,,,104,2024-07
TXN00669,sell,2024-07-25 10:49:00,DB001,drill_bits,3,1056.7190496373312,CUST_H04,,,91,2024-07
TXN00671,sell,2024-07-26 09:48:00,AC001,accessories,3,646.1680005650923,CUST_H03,,,160,2024-07
TXN00672,sell,2024-07-26 10:16:00,CC003,carbide_cutters,1,4803.5272626450505,CUST_S07,,,106,2024-07
TXN00670,sell,2024-07-26 11:03:00,CC002,carbide_cutters,1,4004.5471500729427,CUST_H01,,,103,2024-07
TXN00673,sell,2024-07-26 17:24:00,DC001,diamond_cutters,1,9115.683267768132,CUST_S04,,,94,2024-07
TXN00674,sell,2024-07-27 12:52:00,DB001,drill_bits,1,1051.8895742244458,CUST_S03,,,90,2024-07
TXN00675,buy,2024-07-28 11:32:00,DB003,drill_bits,81,1441.1447795035817,,SUPP03,19.0,99,2024-07
TXN00677,sell,2024-07-29 14:11:00,DC003,diamond_cutters,1,14254.385801070075,CUST_S12,,,98,2024-07
TXN00678,sell,2024-07-29 15:06:00,DC001,diamond_cutters,1,9084.241744779796,CUST_S14,,,93,2024-07
TXN00676,sell,2024-07-29 17:44:00,DB003,drill_bits,1,1814.7858520446919,CUST_S16,,,98,2024-07
TXN00681,sell,2024-07-30 09:15:00,AC001,accessories,3,657.4403202824499,CUST_S03,,,157,2024-07
TXN00679,sell,2024-07-30 13:54:00,CC003,carbide_cutters,1,4698.716186287165,CUST_S05,,,105,2024-07
TXN00680,sell,2024-07-30 15:34:00,DB001,drill_bits,1,1056.7508925852649,CUST_S16,,,89,2024-07
TXN00682,sell,2024-07-30 17:03:00,DB001,drill_bits,3,1035.037100115553,CUST_H03,,,86,2024-07
TXN00685,sell,2024-07-31 12:48:00,DB002,drill_bits,2,1552.5181250801902,CUST_H02,,,95,2024-07
TXN00684,sell,2024-07-31 12:57:00,AC001,accessories,2,654.7375098699365,CUST_S08,,,155,2024-07
TXN00683,sell,2024-07-31 17:12:00,AC001,accessories,3,648.4859140686692,CUST_S05,,,152,2024-07
TXN00689,sell,2024-08-01 12:13:00,DB002,drill_bits,2,1572.7357024265207,CUST_S10,,,93,2024-08
TXN00686,sell,2024-08-01 13:25:00,CC001,carbide_cutters,1,2661.8296523265835,CUST_H02,,,95,2024-08
TXN00688,sell,2024-08-01 15:42:00,DC001,diamond_cutters,1,9059.78521007159,CUST_S06,,,92,2024-08
TXN00687,sell,2024-08-01 16:20:00,CC004,carbide_cutters,1,5361.009695258959,CUST_S02,,,114,2024-08
TXN00692,sell,2024-08-02 11:10:00,CC001,carbide_cutters,1,2662.918055020503,CUST_S10,,,94,2024-08
TXN00691,sell,2024-08-02 11:40:00,DB004,drill_bits,2,2077.0574235642434,CUST_H04,,,82,2024-08
TXN00690,sell,2024-08-02 12:45:00,DB004,drill_bits,1,2120.8568415617224,CUST_S08,,,81,2024-08
TXN00693,sell,2024-08-02 13:06:00,DC002,diamond_cutters,1,12720.556599386822,CUST_H01,,,76,2024-08
TXN00694,sell,2024-08-03 09:07:00,DC001,diamond_cutters,1,8959.700237881423,CUST_S07,,,91,2024-08
TXN00695,sell,2024-08-04 14:54:00,CC002,carbide_cutters,1,4052.785020696358,CUST_H02,,,102,2024-08
TXN00696,sell,2024-08-05 14:37:00,CC003,carbide_cutters,1,4715.188781928826,CUST_S16,,,104,2024-08
TXN00697,sell,2024-08-05 16:04:00,DB003,drill_bits,3,1820.9688968952412,CUST_H01,,,95,2024-08
TXN00700,sell,2024-08-06 09:14:00,DC002,diamond_cutters,1,12442.65175695029,CUST_H01,,,75,2024-08
TXN00699,sell,2024-08-06 11:17:00,CC001,carbide_cutters,1,2734.062191803056,CUST_S08,,,93,2024-08
TXN00698,sell,2024-08-06 14:09:00,DC003,diamond_cutters,1,14548.8121182228,CUST_S06,,,97,2024-08
TXN00702,sell,2024-08-06 16:02:00,DC002,diamond_cutters,1,12363.731417247425,CUST_S03,,,74,2024-08
TXN00701,sell,2024-08-06 16:04:00,DC001,diamond_cutters,1,9184.779108997362,CUST_H02,,,90,2024-08
TXN00704,sell,2024-08-07 13:39:00,DB004,drill_bits,2,2064.1711050022323,CUST_S10,,,79,2024-08
TXN00703,sell,2024-08-07 17:18:00,DB003,drill_bits,1,1822.0470403962058,CUST_S16,,,94,2024-08
TXN00706,sell,2024-08-08 09:54:00,DC003,diamond_cutters,1,14272.229436495034,CUST_H02,,,96,2024-08
TXN00705,sell,2024-08-08 17:56:00,DC002,diamond_cutters,1,12777.501412056614,CUST_S12,,,73,2024-08
TXN00707,sell,2024-08-09 17:29:00,AC001,accessories,1,643.3963721143268,CUST_S11,,,151,2024-08
TXN00708,sell,2024-08-10 13:55:00,DB002,drill_bits,3,1572.4015029367918,CUST_H03,,,90,2024-08
TXN00709,sell,2024-08-10 15:02:00,DB001,drill_bits,1,1031.1912522908926,CUST_S11,,,85,2024-08
TXN00710,sell,2024-08-12 10:06:00,DB001,drill_bits,2,1070.653201775453,CUST_H04,,,83,2024-08
TXN00712,sell,2024-08-12 12:15:00,DB002,drill_bits,1,1550.6618725140088,CUST_S08,,,89,2024-08
TXN00711,sell,2024-08-12 12:49:00,CC003,carbide_cutters,1,4806.265673883217,CUST_H03,,,103,2024-08
TXN00716,sell,2024-08-13 11:53:00,DB001,drill_bits,3,1070.783508393842,CUST_S02,,,80,2024-08
TXN00715,sell,2024-08-13 13:06:00,AC001,accessories,1,661.797653740607,CUST_S02,,,150,2024-08
TXN00714,sell,2024-08-13 15:36:00,CC001,carbide_cutters,1,2682.6073475417516,CUST_S15,,,92,2024-08
TXN00713,sell,2024-08-13 15:50:00,CC001,carbide_cutters,2,2693.8047149753597,CUST_S06,,,90,2024-08
TXN00717,sell,2024-08-13 16:54:00,DB004,drill_bits,3,2093.687355042356,CUST_H02,,,76,2024-08
TXN00719,sell,2024-08-14 11:30:00,CC002,carbide_cutters,1,4117.081019450683,CUST_S04,,,101,2024-08
TXN00718,sell,2024-08-14 14:29:00,DB001,drill_bits,2,1037.365677264533,CUST_S04,,,78,2024-08
TXN00721,sell,2024-08-14 15:13:00,AC001,accessories,2,640.1070532434632,CUST_H03,,,148,2024-08
TXN00720,sell,2024-08-14 16:56:00,DB001,drill_bits,2,1060.0997601114418,CUST_H03,,,76,2024-08
TXN00723,sell,2024-08-15 10:27:00,DC003,diamond_cutters,1,14528.296878193692,CUST_S04,,,95,2024-08
TXN00722,sell,2024-08-15 11:18:00,DC001,diamond_cutters,1,9198.942135161684,CUST_H03,,,89,2024-08
TXN00724,sell,2024-08-16 09:47:00,CC001,carbide_cutters,1,2719.739128387324,CUST_H01,,,89,2024-08
TXN00725,sell,2024-08-16 10:18:00,DB002,drill_bits,1,1536.8985414665635,CUST_S08,,,88,2024-08
TXN00726,sell,2024-08-16 17:47:00,CC004,carbide_cutters,1,5486.403396889472,CUST_S10,,,113,2024-08
TXN00728,sell,2024-08-17 11:24:00,DB001,drill_bits,2,1053.2832971372734,CUST_H02,,,74,2024-08
TXN00727,sell,2024-08-17 16:32:00,DB004,drill_bits,1,2110.7677031658823,CUST_S10,,,75,2024-08
TXN00733,sell,2024-08-19 10:28:00,DC003,diamond_cutters,1,14043.733257329854,CUST_S09,,,94,2024-08
TXN00735,sell,2024-08-19 12:17:00,CC004,carbide_cutters,1,5448.97036134362,CUST_H03,,,112,2024-08
TXN00729,sell,2024-08-19 14:02:00,DB002,drill_bits,2,1573.8208008625893,CUST_H04,,,86,2024-08
TXN00732,sell,2024-08-19 14:51:00,DB004,drill_bits,1,2094.090642198679,CUST_S13,,,74,2024-08
TXN00731,sell,2024-08-19 15:13:00,AC001,accessories,1,662.9940395635465,CUST_S14,,,147,2024-08
TXN00730,sell,2024-08-19 15:17:00,CC004,carbide_cutters,2,5434.779742972668,CUST_S02,,,110,2024-08
TXN00734,sell,2024-08-19 17:58:00,DB004,drill_bits,2,2082.71625511855,CUST_S07,,,72,2024-08
TXN00736,sell,2024-08-20 12:14:00,CC001,carbide_cutters,2,2690.457525287922,CUST_S07,,,87,2024-08
TXN00738,sell,2024-08-21 09:44:00,DB002,drill_bits,2,1539.62092550246,CUST_S15,,,84,2024-08
TXN00737,sell,2024-08-21 13:12:00,DB004,drill_bits,1,2065.088285819615,CUST_S08,,,71,2024-08
TXN00739,sell,2024-08-22 14:56:00,DB001,drill_bits,2,1046.5111974383817,CUST_S06,,,72,2024-08
TXN00740,sell,2024-08-23 17:32:00,DB001,drill_bits,1,1044.5226885574448,CUST_S08,,,71,2024-08
TXN00746,sell,2024-08-24 09:01:00,CC001,carbide_cutters,1,2663.404498938488,CUST_H01,,,86,2024-08
TXN00741,sell,2024-08-24 10:33:00,AC001,accessories,3,662.7879080082665,CUST_S16,,,144,2024-08
TXN00745,sell,2024-08-24 13:17:00,DC003,diamond_cutters,1,14361.320444024554,CUST_S04,,,93,2024-08
TXN00747,sell,2024-08-24 13:49:00,DC003,diamond_cutters,1,14185.088361581073,CUST_H04,,,92,2024-08
TXN00742,sell,2024-08-24 14:25:00,CC001,carbide_cutters,1,2709.9645471811455,CUST_H01,,,85,2024-08
TXN00744,sell,2024-08-24 16:55:00,CC002,carbide_cutters,1,4118.400089626427,CUST_S16,,,100,2024-08
TXN00743,sell,2024-08-24 17:32:00,DC002,diamond_cutters,1,12584.071840010405,CUST_S10,,,72,2024-08
TXN00748,sell,2024-08-25 09:57:00,DB001,drill_bits,2,1059.839788599473,CUST_H04,,,69,2024-08
TXN00750,sell,2024-08-26 12:49:00,DB001,drill_bits,3,1046.8994769538758,CUST_H02,,,66,2024-08
TXN00749,sell,2024-08-26 13:29:00,DB004,drill_bits,1,2097.928617256667,CUST_S13,,,70,2024-08
TXN00751,sell,2024-08-26 16:36:00,DC001,diamond_cutters,1,9264.454539989789,CUST_H01,,,88,2024-08
TXN00754,sell,2024-08-27 14:27:00,CC004,carbide_cutters,2,5432.544200603965,CUST_S07,,,108,2024-08
TXN00753,sell,2024-08-27 16:05:00,AC001,accessories,1,645.0169375907406,CUST_S06,,,143,2024-08
TXN00752,sell,2024-08-27 16:18:00,DB004,drill_bits,1,2096.9883933533015,CUST_S03,,,69,2024-08
TXN00755,sell,2024-08-28 10:22:00,DB003,drill_bits,1,1804.1107451522657,CUST_S05,,,93,2024-08
TXN00756,sell,2024-08-29 10:43:00,DB004,drill_bits,1,2108.197803346221,CUST_S05,,,68,2024-08
TXN00757,sell,2024-08-29 17:43:00,DB002,drill_bits,1,1579.4246609394415,CUST_S12,,,83,2024-08
TXN00758,sell,2024-08-30 09:06:00,DB001,drill_bits,4,1033.5224896251066,CUST_H03,,,62,2024-08
TXN00759,sell,2024-08-31 09:13:00,DC002,diamond_cutters,1,12713.727575379125,CUST_S15,,,71,2024-08
TXN00760,sell,2024-08-31 12:48:00,DB001,drill_bits,1,1069.3330061888566,CUST_S05,,,61,2024-08
TXN00762,sell,2024-09-01 13:21:00,CC001,carbide_cutters,1,2741.478011516319,CUST_S05,,,84,2024-09
TXN00761,sell,2024-09-01 13:34:00,DB001,drill_bits,1,1056.7507270205663,CUST_S07,,,60,2024-09
TXN00765,sell,2024-09-02 14:23:00,DB001,drill_bits,1,1065.668932769956,CUST_S07,,,59,2024-09
TXN00763,sell,2024-09-02 15:57:00,DC003,diamond_cutters,1,14280.748829214053,CUST_H01,,,91,2024-09
TXN00764,sell,2024-09-02 16:34:00,DB001,drill_bits,1,1048.3283609312232,CUST_S13,,,58,2024-09
TXN00769,sell,2024-09-03 10:22:00,DB002,drill_bits,1,1564.0454909173504,CUST_S09,,,82,2024-09
TXN00766,sell,2024-09-03 12:57:00,AC001,accessories,2,658.8404549810205,CUST_S03,,,141,2024-09
TXN00768,sell,2024-09-03 15:31:00,CC003,carbide_cutters,2,4727.067926887654,CUST_H03,,,101,2024-09
TXN00767,sell,2024-09-03 16:51:00,DB002,drill_bits,3,1523.3247800316985,CUST_H04,,,79,2024-09
TXN00770,sell,2024-09-04 16:08:00,DB001,drill_bits,1,1059.9512746393407,CUST_S05,,,57,2024-09
TXN00771,sell,2024-09-05 12:17:00,DB003,drill_bits,1,1821.2761979837608,CUST_S09,,,92,2024-09
TXN00772,sell,2024-09-05 12:23:00,DB002,drill_bits,1,1570.4134528280615,CUST_S07,,,78,2024-09
TXN00774,sell,2024-09-06 10:16:00,DC001,diamond_cutters,1,9097.078446123543,CUST_H04,,,87,2024-09
TXN00773,sell,2024-09-06 14:31:00,DB003,drill_bits,1,1855.1305001890619,CUST_S08,,,91,2024-09
TXN00775,sell,2024-09-06 17:10:00,CC004,carbide_cutters,1,5330.340045281508,CUST_S09,,,107,2024-09
TXN00776,sell,2024-09-07 13:19:00,DB004,drill_bits,1,2098.3533512653607,CUST_S09,,,67,2024-09
TXN00777,sell,2024-09-08 10:42:00,DB003,drill_bits,1,1847.791763295523,CUST_S13,,,90,2024-09
TXN00781,sell,2024-09-08 11:01:00,DC002,diamond_cutters,1,12830.618170681788,CUST_S04,,,70,2024-09
TXN00780,sell,2024-09-08 11:27:00,DB003,drill_bits,1,1815.482103374491,CUST_S09,,,89,2024-09
TXN00778,sell,2024-09-08 14:29:00,AC001,accessories,2,648.1182461021526,CUST_H03,,,139,2024-09
TXN00779,sell,2024-09-08 16:52:00,DB004,drill_bits,1,2056.593851244865,CUST_S04,,,66,2024-09
TXN00785,sell,2024-09-09 10:44:00,DB004,drill_bits,3,2072.6188891606494,CUST_H01,,,63,2024-09
TXN00784,sell,2024-09-09 13:52:00,CC003,carbide_cutters,1,4721.238412062041,CUST_H02,,,100,2024-09
TXN00783,sell,2024-09-09 13:55:00,AC001,accessories,1,647.7706560272683,CUST_S14,,,138,2024-09
TXN00782,sell,2024-09-09 14:50:00,DB002,drill_bits,2,1529.3910142946015,CUST_S09,,,76,2024-09
TXN00786,sell,2024-09-10 15:31:00,DB003,drill_bits,1,1822.6284203262346,CUST_S08,,,88,2024-09
TXN00787,sell,2024-09-11 13:48:00,DB004,drill_bits,1,2049.335489842452,CUST_S06,,,62,2024-09
TXN00788,sell,2024-09-12 09:55:00,DC003,diamond_cutters,1,14348.432338705055,CUST_S16,,,90,2024-09
TXN00790,sell,2024-09-12 17:36:00,DC001,diamond_cutters,1,9107.080111156301,CUST_H02,,,86,2024-09
TXN00789,sell,2024-09-12 17:41:00,DB002,drill_bits,1,1523.244549461131,CUST_S12,,,75,2024-09
TXN00792,sell,2024-09-13 12:19:00,DB004,drill_bits,3,2056.1703842152842,CUST_S12,,,59,2024-09
TXN00791,buy,2024-09-13 14:05:00,DB001,drill_bits,92,773.148022559772,,SUPP05,18.0,149,2024-09
TXN00793,sell,2024-09-13 16:17:00,AC001,accessories,1,645.6941825425334,CUST_S01,,,137,2024-09
TXN00794,sell,2024-09-14 10:38:00,CC001,carbide_cutters,1,2742.2102987354638,CUST_S12,,,83,2024-09
TXN00795,sell,2024-09-14 14:39:00,DB003,drill_bits,1,1847.4217847707916,CUST_S15,,,87,2024-09
TXN00797,sell,2024-09-16 16:46:00,CC002,carbide_cutters,1,4111.299701450733,CUST_S01,,,99,2024-09
TXN00796,sell,2024-09-16 17:15:00,CC002,carbide_cutters,1,3972.432929789408,CUST_S02,,,98,2024-09
TXN00799,sell,2024-09-17 17:20:00,DB002,drill_bits,1,1548.6168940488894,CUST_S16,,,74,2024-09
TXN00798,sell,2024-09-17 17:39:00,DB002,drill_bits,4,1570.6573656726957,CUST_H01,,,70,2024-09
TXN00800,sell,2024-09-18 09:26:00,DB001,drill_bits,2,1044.7979313489257,CUST_S06,,,147,2024-09
TXN00804,sell,2024-09-20 10:36:00,DB004,drill_bits,2,2096.27032957126,CUST_H01,,,57,2024-09
TXN00803,sell,2024-09-20 14:58:00,CC002,carbide_cutters,1,3981.9825341296746,CUST_S05,,,97,2024-09
TXN00802,sell,2024-09-20 15:50:00,DB001,drill_bits,3,1052.2948340143414,CUST_H03,,,144,2024-09
TXN00801,sell,2024-09-20 17:41:00,DB004,drill_bits,2,2097.877685503653,CUST_S06,,,55,2024-09
TXN00806,sell,2024-09-21 09:43:00,DB002,drill_bits,1,1571.5415875971569,CUST_S09,,,69,2024-09
TXN00805,sell,2024-09-21 15:25:00,DB003,drill_bits,1,1785.9710740924077,CUST_S02,,,86,2024-09
TXN00808,sell,2024-09-22 11:40:00,DB004,drill_bits,2,2118.3749664733436,CUST_S15,,,53,2024-09
TXN00809,sell,2024-09-22 13:47:00,DB004,drill_bits,3,2108.1840606497626,CUST_S04,,,50,2024-09
TXN00807,sell,2024-09-22 16:35:00,DB003,drill_bits,1,1854.692364893125,CUST_S14,,,85,2024-09
TXN00810,sell,2024-09-23 10:04:00,DB003,drill_bits,3,1786.7048290610687,CUST_H03,,,82,2024-09
TXN00811,sell,2024-09-24 12:49:00,DB001,drill_bits,1,1054.403743859655,CUST_S11,,,143,2024-09
TXN00812,sell,2024-09-25 10:35:00,DB003,drill_bits,1,1814.3473662071892,CUST_S16,,,81,2024-09
TXN00814,sell,2024-09-25 15:25:00,DC001,diamond_cutters,1,8939.005552146575,CUST_H04,,,85,2024-09
TXN00813,sell,2024-09-25 17:19:00,DB004,drill_bits,1,2110.9133202011535,CUST_S13,,,49,2024-09
TXN00815,sell,2024-09-25 17:33:00,DC001,diamond_cutters,1,9082.579153586867,CUST_H01,,,84,2024-09
TXN00816,sell,2024-09-26 09:22:00,DB003,drill_bits,3,1812.9217558585055,CUST_S10,,,78,2024-09
TXN00817,sell,2024-09-27 14:38:00,DB002,drill_bits,3,1524.6041324315213,CUST_H04,,,66,2024-09
TXN00818,sell,2024-09-28 11:54:00,DB001,drill_bits,2,1050.9602065239633,CUST_H01,,,141,2024-09
TXN00819,sell,2024-09-28 12:11:00,CC004,carbide_cutters,1,5334.179402120803,CUST_S14,,,106,2024-09
TXN00822,sell,2024-09-29 10:53:00,DC002,diamond_cutters,1,12847.008644932019,CUST_S11,,,69,2024-09
TXN00820,sell,2024-09-29 11:16:00,DB001,drill_bits,1,1058.2670429130048,CUST_S08,,,140,2024-09
TXN00821,sell,2024-09-29 15:57:00,DB004,drill_bits,1,2056.1317129344975,CUST_S16,,,48,2024-09
TXN00823,sell,2024-09-30 16:01:00,AC001,accessories,1,642.7968102267114,CUST_S03,,,136,2024-09
TXN00824,sell,2024-10-01 12:13:00,DB004,drill_bits,1,2040.8167727615794,CUST_S02,,,47,2024-10
TXN00826,sell,2024-10-03 09:33:00,DB003,drill_bits,4,1809.5308673165616,CUST_H04,,,74,2024-10
TXN00825,sell,2024-10-03 13:25:00,CC002,carbide_cutters,2,4036.4722383871867,CUST_S15,,,95,2024-10
TXN00827,sell,2024-10-04 15:43:00,DB004,drill_bits,2,2102.964649722545,CUST_H04,,,45,2024-10
TXN00828,sell,2024-10-05 13:02:00,DB003,drill_bits,1,1856.2832642433302,CUST_S14,,,73,2024-10
TXN00829,sell,2024-10-05 16:41:00,DB002,drill_bits,1,1529.9647906172645,CUST_S14,,,65,2024-10
TXN00830,sell,2024-10-06 11:32:00,DB003,drill_bits,2,1796.6388700687794,CUST_H02,,,71,2024-10
TXN00831,sell,2024-10-07 10:06:00,DB004,drill_bits,2,2100.134123543635,CUST_S01,,,43,2024-10
TXN00832,sell,2024-10-07 11:01:00,DC003,diamond_cutters,1,14492.736817580922,CUST_S13,,,89,2024-10
TXN00833,sell,2024-10-09 11:44:00,DB001,drill_bits,1,1035.3414059012039,CUST_S09,,,139,2024-10
TXN00835,sell,2024-10-09 12:11:00,CC001,carbide_cutters,1,2737.207481033516,CUST_S13,,,82,2024-10
TXN00834,sell,2024-10-09 17:28:00,CC003,carbide_cutters,1,4644.016851753379,CUST_S09,,,99,2024-10
TXN00837,sell,2024-10-10 09:52:00,DB002,drill_bits,1,1561.6691935737765,CUST_S07,,,64,2024-10
TXN00840,sell,2024-10-10 11:33:00,DB001,drill_bits,1,1044.329113211785,CUST_S05,,,138,2024-10
TXN00838,sell,2024-10-10 12:03:00,DB001,drill_bits,1,1045.5605155740168,CUST_S04,,,137,2024-10
TXN00836,sell,2024-10-10 12:53:00,DC003,diamond_cutters,1,14409.160404499238,CUST_S01,,,88,2024-10
TXN00839,sell,2024-10-10 16:25:00,DB003,drill_bits,1,1851.1074685967458,CUST_S09,,,70,2024-10
TXN00841,sell,2024-10-11 15:45:00,DB001,drill_bits,2,1029.9889598043164,CUST_S07,,,135,2024-10
TXN00843,sell,2024-10-12 09:44:00,AC001,accessories,1,659.6296786784665,CUST_S11,,,135,2024-10
TXN00842,sell,2024-10-12 12:55:00,DB001,drill_bits,2,1052.2914097268124,CUST_S03,,,133,2024-10
TXN00844,sell,2024-10-12 17:21:00,DC003,diamond_cutters,1,14454.608496891295,CUST_S11,,,87,2024-10
TXN00845,sell,2024-10-13 09:44:00,DC001,diamond_cutters,1,9172.336994586034,CUST_H02,,,83,2024-10
TXN00846,sell,2024-10-13 15:23:00,DC003,diamond_cutters,1,14117.591872287412,CUST_H01,,,86,2024-10
TXN00848,sell,2024-10-14 10:21:00,DB004,drill_bits,3,2047.2935309145712,CUST_H03,,,40,2024-10
TXN00847,sell,2024-10-14 11:52:00,DC003,diamond_cutters,1,14489.738470368844,CUST_S12,,,85,2024-10
TXN00849,sell,2024-10-16 13:15:00,CC002,carbide_cutters,2,4105.593991204673,CUST_S14,,,93,2024-10
TXN00850,sell,2024-10-17 16:55:00,DB003,drill_bits,1,1813.3343322958933,CUST_S07,,,69,2024-10
TXN00851,sell,2024-10-18 13:52:00,CC002,carbide_cutters,1,4101.294225523119,CUST_S14,,,92,2024-10
TXN00853,sell,2024-10-20 10:24:00,DB001,drill_bits,1,1067.0082416890336,CUST_S12,,,132,2024-10
TXN00852,sell,2024-10-20 12:31:00,CC004,carbide_cutters,1,5433.965914921219,CUST_H02,,,105,2024-10
TXN00854,sell,2024-10-21 14:06:00,DB003,drill_bits,3,1852.2060063015344,CUST_H03,,,66,2024-10
TXN00856,sell,2024-10-22 11:21:00,DB001,drill_bits,3,1049.4293968400627,CUST_S07,,,129,2024-10
TXN00855,sell,2024-10-22 16:07:00,CC001,carbide_cutters,2,2701.3818927637203,CUST_H01,,,80,2024-10
TXN00858,sell,2024-10-23 11:09:00,DC003,diamond_cutters,1,14136.848584138355,CUST_S06,,,84,2024-10
TXN00859,sell,2024-10-23 13:39:00,DB001,drill_bits,1,1048.5986952753967,CUST_S15,,,128,2024-10
TXN00857,sell,2024-10-23 16:07:00,DC001,diamond_cutters,1,8935.419324552005,CUST_H01,,,82,2024-10
TXN00860,sell,2024-10-24 13:03:00,CC002,carbide_cutters,1,4046.7592725300647,CUST_S02,,,91,2024-10
TXN00861,sell,2024-10-25 13:26:00,DB002,drill_bits,1,1558.692150432603,CUST_S16,,,63,2024-10
TXN00862,sell,2024-10-25 15:56:00,AC001,accessories,1,658.4583968678305,CUST_S04,,,134,2024-10
TXN00863,sell,2024-10-27 15:39:00,DB002,drill_bits,1,1551.7034875397117,CUST_S06,,,62,2024-10
TXN00864,sell,2024-10-28 09:31:00,CC001,carbide_cutters,1,2690.7471382352574,CUST_S07,,,79,2024-10
TXN00868,sell,2024-10-29 10:07:00,CC003,carbide_cutters,2,4778.505766656096,CUST_S16,,,97,2024-10
TXN00865,sell,2024-10-29 10:28:00,CC002,carbide_cutters,1,4079.127867512396,CUST_S07,,,90,2024-10
TXN00867,sell,2024-10-29 11:45:00,DB004,drill_bits,2,2083.8890174741146,CUST_S01,,,38,2024-10
TXN00866,sell,2024-10-29 12:32:00,DB001,drill_bits,2,1067.5419500598252,CUST_S03,,,126,2024-10
TXN00869,sell,2024-10-31 11:04:00,DB001,drill_bits,2,1050.8112113347215,CUST_S14,,,124,2024-10
TXN00871,sell,2024-11-01 11:10:00,CC002,carbide_cutters,1,4005.4667296603157,CUST_H04,,,89,2024-11
TXN00870,sell,2024-11-01 11:45:00,DB004,drill_bits,2,2109.8829965223276,CUST_S14,,,36,2024-11
TXN00872,sell,2024-11-03 14:10:00,AC001,accessories,2,643.3842773623004,CUST_S01,,,132,2024-11
TXN00873,sell,2024-11-04 14:53:00,DB002,drill_bits,1,1573.5006565345043,CUST_S04,,,61,2024-11
TXN00875,sell,2024-11-05 09:40:00,DB004,drill_bits,2,2059.861254412865,CUST_H04,,,34,2024-11
TXN00874,sell,2024-11-05 15:27:00,DC001,diamond_cutters,1,9087.1863523155,CUST_H02,,,81,2024-11
TXN00876,sell,2024-11-06 12:19:00,AC001,accessories,1,644.5819315916893,CUST_S13,,,131,2024-11
TXN00877,sell,2024-11-07 13:40:00,DB003,drill_bits,2,1792.3872196246966,CUST_H01,,,64,2024-11
TXN00879,sell,2024-11-08 13:25:00,DC002,diamond_cutters,1,12549.975861447736,CUST_S07,,,68,2024-11
TXN00878,sell,2024-11-08 15:40:00,CC002,carbide_cutters,2,4044.76388108152,CUST_S09,,,87,2024-11
TXN00880,sell,2024-11-08 16:44:00,CC003,carbide_cutters,1,4661.982443905628,CUST_S06,,,96,2024-11
TXN00881,sell,2024-11-09 10:42:00,DB003,drill_bits,2,1816.844594778588,CUST_H03,,,62,2024-11
TXN00883,sell,2024-11-11 09:08:00,CC002,carbide_cutters,1,4029.094383100695,CUST_S02,,,86,2024-11
TXN00882,sell,2024-11-11 10:29:00,DB002,drill_bits,1,1534.2591579100085,CUST_S05,,,60,2024-11
TXN00884,sell,2024-11-11 14:43:00,CC003,carbide_cutters,1,4750.74572278991,CUST_H02,,,95,2024-11
TXN00885,sell,2024-11-12 14:05:00,DB002,drill_bits,3,1536.7967530918236,CUST_H02,,,57,2024-11
TXN00886,sell,2024-11-14 14:01:00,DC001,diamond_cutters,1,9254.88619618393,CUST_H03,,,80,2024-11
TXN00887,sell,2024-11-15 13:58:00,DB001,drill_bits,3,1063.2907614561877,CUST_S04,,,121,2024-11
TXN00888,sell,2024-11-15 17:22:00,DB002,drill_bits,1,1574.3130373994204,CUST_S06,,,56,2024-11
TXN00889,sell,2024-11-17 09:43:00,CC003,carbide_cutters,1,4806.257659657633,CUST_H03,,,94,2024-11
TXN00890,sell,2024-11-18 11:10:00,AC001,accessories,2,657.4249190236903,CUST_S07,,,129,2024-11
TXN00892,sell,2024-11-20 12:45:00,DC002,diamond_cutters,1,12380.168804872212,CUST_H04,,,67,2024-11
TXN00891,sell,2024-11-20 13:05:00,DB003,drill_bits,3,1846.4328523229153,CUST_H04,,,59,2024-11
TXN00893,sell,2024-11-21 11:54:00,DB001,drill_bits,2,1055.9218065819978,CUST_H03,,,119,2024-11
TXN00894,sell,2024-11-21 14:55:00,DB003,drill_bits,1,1836.9499929120705,CUST_S15,,,58,2024-11
TXN00896,sell,2024-11-24 09:50:00,DC001,diamond_cutters,1,8931.339608685274,CUST_H02,,,79,2024-11
TXN00898,sell,2024-11-24 12:53:00,AC001,accessories,2,642.9169910005716,CUST_H03,,,127,2024-11
TXN00895,sell,2024-11-24 12:59:00,CC004,carbide_cutters,1,5352.591708051471,CUST_S14,,,104,2024-11
TXN00897,sell,2024-11-24 13:41:00,DB002,drill_bits,2,1561.9306990261255,CUST_S02,,,54,2024-11
TXN00899,sell,2024-11-25 15:19:00,DB001,drill_bits,1,1029.3631496208964,CUST_S03,,,118,2024-11
TXN00900,sell,2024-11-26 15:22:00,DB001,drill_bits,2,1069.4032071597082,CUST_S01,,,116,2024-11
TXN00901,sell,2024-11-27 14:01:00,DC001,diamond_cutters,1,9263.843331077787,CUST_H03,,,78,2024-11
TXN00902,sell,2024-11-27 17:38:00,AC001,accessories,1,652.7173769509942,CUST_S07,,,126,2024-11
TXN00903,sell,2024-11-28 13:16:00,DC001,diamond_cutters,1,9041.225399456163,CUST_H02,,,77,2024-11
TXN00906,sell,2024-11-29 10:12:00,DC001,diamond_cutters,1,9263.453474917722,CUST_S16,,,76,2024-11
TXN00904,sell,2024-11-29 13:18:00,CC004,carbide_cutters,1,5463.095562857849,CUST_S04,,,103,2024-11
TXN00905,sell,2024-11-29 17:48:00,CC001,carbide_cutters,2,2726.3596112417354,CUST_S02,,,77,2024-11
TXN00908,sell,2024-11-30 09:33:00,DB001,drill_bits,1,1034.219305985011,CUST_S11,,,115,2024-11
TXN00907,sell,2024-11-30 13:11:00,DB002,drill_bits,1,1550.5521463497455,CUST_S03,,,53,2024-11
TXN00909,sell,2024-12-05 09:04:00,DB001,drill_bits,1,1031.6366730095299,CUST_S16,,,114,2024-12
TXN00911,sell,2024-12-06 09:21:00,DB004,drill_bits,1,2105.6169276380656,CUST_S12,,,33,2024-12
TXN00910,sell,2024-12-06 17:29:00,DC001,diamond_cutters,1,9045.757779439858,CUST_S10,,,75,2024-12
TXN00914,sell,2024-12-07 10:37:00,DB004,drill_bits,3,2074.702171749138,CUST_H04,,,30,2024-12
TXN00912,sell,2024-12-07 11:21:00,DC002,diamond_cutters,1,12705.812489004471,CUST_S11,,,66,2024-12
TXN00913,sell,2024-12-07 15:57:00,DB001,drill_bits,3,1058.133025971262,CUST_H01,,,111,2024-12
TXN00915,sell,2024-12-08 12:45:00,DC002,diamond_cutters,1,12753.482441730304,CUST_S10,,,65,2024-12
TXN00916,sell,2024-12-08 15:24:00,DB003,drill_bits,1,1826.0699145038018,CUST_S11,,,57,2024-12
TXN00917,sell,2024-12-09 12:56:00,DB004,drill_bits,1,2049.459481834245,CUST_S03,,,29,2024-12
TXN00918,sell,2024-12-10 09:25:00,DC001,diamond_cutters,1,9257.766003335448,CUST_H03,,,74,2024-12
TXN00919,sell,2024-12-10 13:15:00,DB001,drill_bits,4,1031.644484601573,CUST_H01,,,107,2024-12
TXN00920,sell,2024-12-10 15:56:00,DC001,diamond_cutters,1,9119.926289965751,CUST_S04,,,73,2024-12
TXN00921,sell,2024-12-11 10:13:00,DC003,diamond_cutters,1,14284.325022905121,CUST_S01,,,83,2024-12
TXN00922,sell,2024-12-12 10:06:00,AC001,accessories,2,639.4281330841854,CUST_S14,,,124,2024-12
TXN00924,sell,2024-12-12 12:44:00,CC003,carbide_cutters,1,4769.691016427451,CUST_H04,,,93,2024-12
TXN00923,sell,2024-12-12 13:55:00,DC001,diamond_cutters,1,9007.333472926313,CUST_S13,,,72,2024-12
TXN00925,sell,2024-12-13 11:47:00,DB004,drill_bits,2,2108.6356820714186,CUST_S09,,,27,2024-12
TXN00926,sell,2024-12-13 14:32:00,DB004,drill_bits,2,2046.9837536040918,CUST_H02,,,25,2024-12
TXN00928,sell,2024-12-14 16:01:00,DB001,drill_bits,3,1051.2331087842724,CUST_S08,,,104,2024-12
TXN00927,sell,2024-12-14 17:39:00,DC001,diamond_cutters,1,9053.49370638987,CUST_S03,,,71,2024-12
TXN00929,sell,2024-12-15 15:59:00,DC003,diamond_cutters,1,14028.362861820902,CUST_H02,,,82,2024-12
TXN00931,sell,2024-12-17 10:48:00,AC001,accessories,1,651.4208529678355,CUST_S02,,,123,2024-12
TXN00932,sell,2024-12-17 10:54:00,DC003,diamond_cutters,1,14130.323014467473,CUST_H03,,,81,2024-12
TXN00930,sell,2024-12-17 14:45:00,DC002,diamond_cutters,1,12472.733333440923,CUST_H01,,,64,2024-12
TXN00933,sell,2024-12-18 11:57:00,CC002,carbide_cutters,1,4054.5602368390164,CUST_S07,,,85,2024-12
TXN00935,sell,2024-12-20 10:05:00,DC002,diamond_cutters,1,12702.487921337572,CUST_S07,,,63,2024-12
TXN00934,sell,2024-12-20 16:55:00,CC003,carbide_cutters,1,4750.688258586548,CUST_H03,,,92,2024-12
TXN00936,sell,2024-12-21 13:40:00,CC001,carbide_cutters,1,2702.0803067687016,CUST_H01,,,76,2024-12
TXN00937,sell,2024-12-21 13:47:00,CC003,carbide_cutters,1,4752.4292526776835,CUST_H02,,,91,2024-12
TXN00939,sell,2024-12-22 09:04:00,CC002,carbide_cutters,2,3977.1308902640967,CUST_S13,,,83,2024-12
TXN00940,sell,2024-12-22 16:53:00,DC001,diamond_cutters,1,9135.756355938302,CUST_H04,,,70,2024-12
TXN00938,sell,2024-12-22 17:10:00,DB004,drill_bits,1,2039.4611037124823,CUST_S12,,,24,2024-12
TXN00941,sell,2024-12-25 14:16:00,DB001,drill_bits,4,1045.6728193858373,CUST_H04,,,100,2024-12
TXN00942,sell,2024-12-28 09:22:00,CC002,carbide_cutters,2,4036.1164932735014,CUST_H03,,,81,2024-12
TXN00943,sell,2024-12-30 16:00:00,DC003,diamond_cutters,1,14248.191639410563,CUST_S15,,,80,2024-12
TXN00946,sell,2024-12-31 10:57:00,DB002,drill_bits,1,1520.0280907065928,CUST_S13,,,52,2024-12
TXN00945,sell,2024-12-31 15:13:00,CC004,carbide_cutters,1,5466.781604096966,CUST_S08,,,102,2024-12
TXN00944,sell,2024-12-31 15:57:00,CC004,carbide_cutters,1,5478.369001446198,CUST_H04,,,101,2024-12
TXN00947,sell,2025-01-01 11:36:00,DC003,diamond_cutters,1,14023.260621045658,CUST_H04,,,79,2025-01
TXN00948,sell,2025-01-01 15:59:00,DC001,diamond_cutters,1,9220.403911004018,CUST_S02,,,69,2025-01
TXN00949,sell,2025-01-02 14:51:00,AC001,accessories,1,653.226816488394,CUST_S07,,,122,2025-01
TXN00950,sell,2025-01-04 13:10:00,AC001,accessories,3,651.4347862812464,CUST_H01,,,119,2025-01
TXN00951,sell,2025-01-06 11:59:00,CC003,carbide_cutters,2,4728.4410950194315,CUST_S01,,,89,2025-01
TXN00954,sell,2025-01-06 13:18:00,DB004,drill_bits,2,2080.1721287276846,CUST_S14,,,22,2025-01
TXN00956,sell,2025-01-06 13:21:00,DB004,drill_bits,1,2098.5220096576113,CUST_S05,,,21,2025-01
TXN00953,sell,2025-01-06 13:42:00,CC004,carbide_cutters,1,5493.425611664255,CUST_H04,,,100,2025-01
TXN00955,sell,2025-01-06 15:58:00,DC001,diamond_cutters,1,9206.710248060372,CUST_S10,,,68,2025-01
TXN00952,sell,2025-01-06 16:22:00,DC002,diamond_cutters,1,12465.683934161794,CUST_S15,,,62,2025-01
TXN00959,sell,2025-01-07 11:08:00,AC001,accessories,1,639.2679859231799,CUST_S04,,,118,2025-01
TXN00957,sell,2025-01-07 13:25:00,AC001,accessories,1,660.6473619490334,CUST_S11,,,117,2025-01
TXN00958,sell,2025-01-07 16:33:00,DC002,diamond_cutters,1,12681.193858796893,CUST_H02,,,61,2025-01
TXN00960,sell,2025-01-07 17:04:00,DB001,drill_bits,2,1041.4641913918847,CUST_S10,,,98,2025-01
TXN00963,sell,2025-01-09 09:29:00,DC001,diamond_cutters,1,8969.323934362357,CUST_S01,,,67,2025-01
TXN00962,sell,2025-01-09 10:14:00,DC001,diamond_cutters,1,9044.855508634002,CUST_H02,,,66,2025-01
TXN00961,sell,2025-01-09 15:29:00,CC001,carbide_cutters,2,2748.58163837753,CUST_S07,,,74,2025-01
TXN00964,sell,2025-01-10 10:38:00,DC002,diamond_cutters,1,12539.74635921702,CUST_S13,,,60,2025-01
TXN00965,sell,2025-01-10 12:04:00,DC001,diamond_cutters,1,8969.081315094318,CUST_S04,,,65,2025-01
TXN00966,sell,2025-01-10 17:17:00,CC002,carbide_cutters,2,4027.9287780150703,CUST_H01,,,79,2025-01
TXN00967,sell,2025-01-11 09:20:00,DB004,drill_bits,2,2085.713745080081,CUST_S02,,,19,2025-01
TXN00968,sell,2025-01-13 14:53:00,AC001,accessories,1,642.5796089887257,CUST_S02,,,116,2025-01
TXN00969,sell,2025-01-14 09:36:00,DC002,diamond_cutters,1,12410.654415561228,CUST_S05,,,59,2025-01
TXN00970,sell,2025-01-15 09:15:00,DB004,drill_bits,2,2089.9203351445344,CUST_S03,,,17,2025-01
TXN00972,sell,2025-01-15 15:24:00,DB001,drill_bits,1,1068.309664671401,CUST_S11,,,97,2025-01
TXN00971,sell,2025-01-15 15:28:00,CC001,carbide_cutters,2,2697.4851621391263,CUST_H01,,,72,2025-01
TXN00973,sell,2025-01-16 12:28:00,AC001,accessories,2,652.9007507232067,CUST_H04,,,114,2025-01
TXN00974,sell,2025-01-16 13:16:00,DC002,diamond_cutters,1,12672.655061789652,CUST_S13,,,58,2025-01
TXN00975,sell,2025-01-16 16:09:00,DB003,drill_bits,1,1833.1029273437655,CUST_S10,,,56,2025-01
TXN00977,sell,2025-01-17 09:52:00,CC001,carbide_cutters,1,2699.222521335531,CUST_S05,,,71,2025-01
TXN00976,sell,2025-01-17 12:44:00,CC002,carbide_cutters,1,4069.454339889921,CUST_S14,,,78,2025-01
TXN00979,sell,2025-01-18 15:10:00,DB004,drill_bits,1,2062.2579641588322,CUST_S08,,,16,2025-01
TXN00978,sell,2025-01-18 17:08:00,CC003,carbide_cutters,1,4691.499043859422,CUST_S09,,,88,2025-01
TXN00981,sell,2025-01-19 09:22:00,DC002,diamond_cutters,1,12390.894280648256,CUST_S03,,,57,2025-01
TXN00980,buy,2025-01-19 12:10:00,DB002,drill_bits,103,1163.8513075323742,,SUPP05,19.0,155,2025-01
TXN00984,sell,2025-01-21 16:24:00,AC001,accessories,2,655.6920291879867,CUST_H02,,,112,2025-01
TXN00982,sell,2025-01-21 16:51:00,CC001,carbide_cutters,1,2653.6150340199383,CUST_S13,,,70,2025-01
TXN00983,sell,2025-01-21 17:02:00,DB001,drill_bits,3,1062.3131409088776,CUST_S10,,,94,2025-01
TXN00985,sell,2025-01-22 09:48:00,DB003,drill_bits,1,1842.0893527551332,CUST_S11,,,55,2025-01
TXN00986,sell,2025-01-23 09:25:00,DB004,drill_bits,2,2050.4538039409003,CUST_S03,,,14,2025-01
TXN00987,sell,2025-01-24 16:21:00,CC004,carbide_cutters,2,5395.205416120558,CUST_S13,,,98,2025-01
TXN00989,sell,2025-01-25 13:59:00,DC001,diamond_cutters,1,9238.346840042881,CUST_H02,,,64,2025-01
TXN00988,sell,2025-01-25 17:37:00,CC001,carbide_cutters,1,2749.585729934487,CUST_S14,,,69,2025-01
TXN00990,sell,2025-01-26 17:49:00,DC003,diamond_cutters,1,14093.13598412299,CUST_H04,,,78,2025-01
TXN00991,sell,2025-01-27 15:31:00,DC002,diamond_cutters,1,12558.659732601936,CUST_S04,,,56,2025-01
TXN00992,sell,2025-01-28 16:07:00,CC004,carbide_cutters,1,5360.030695264368,CUST_S07,,,97,2025-01
TXN00993,sell,2025-01-29 10:46:00,DB004,drill_bits,1,2055.1562631323304,CUST_S08,,,13,2025-01
TXN00999,sell,2025-01-30 09:21:00,DB001,drill_bits,2,1030.4604505927502,CUST_H02,,,92,2025-01
TXN00998,sell,2025-01-30 14:04:00,DC002,diamond_cutters,1,12428.725278268159,CUST_S01,,,55,2025-01
TXN00997,sell,2025-01-30 14:42:00,DB004,drill_bits,1,2099.8133011428754,CUST_S12,,,12,2025-01
TXN00996,sell,2025-01-30 15:19:00,DC003,diamond_cutters,1,14447.91151593625,CUST_S04,,,77,2025-01
TXN00994,sell,2025-01-30 15:47:00,DC003,diamond_cutters,1,14405.267722274486,CUST_S08,,,76,2025-01
TXN00995,sell,2025-01-30 17:18:00,DC003,diamond_cutters,1,14473.419507106559,CUST_S10,,,75,2025-01
TXN01001,sell,2025-01-31 12:11:00,AC001,accessories,2,644.3952686797596,CUST_H01,,,110,2025-01
TXN01000,sell,2025-01-31 14:32:00,DB003,drill_bits,1,1833.235805630041,CUST_S04,,,54,2025-01
